resume_text,job_description,match_score,match_label
"Data Analyst with 5 years of experience in data analysis and reporting. Skilled in SQL, Python, and Power BI. Proven track record of delivering measurable results for cross-functional teams.","Data Scientist needed at a growing SaaS company. Required skills: Python, machine learning, pandas, statistics, SQL, and data storytelling. The ideal candidate has 4+ years of experience in data analysis and reporting.",0.5,medium
"HR Manager with 8 years of experience in human resources and talent management. Skilled in recruitment, employee relations, HRIS, and onboarding. Proven track record of delivering measurable results for cross-functional teams.","Sales Manager needed at a growing startup. Required skills: B2B sales, CRM, lead generation, and negotiation. The ideal candidate has 6+ years of experience in business development and client relationship management and a strong ability to work independently as well as within a team. Responsibilities include applying B2B sales to solve real business problems.",0.05,low
"Full Stack Developer with 1 years of experience in software engineering and application development. Skilled in React, Node.js, and JavaScript. Proven track record of delivering measurable results and collaborating with cross-functional teams. Seeking a role where I can apply my expertise in React and continue growing professionally. Strong communicator with a history of mentoring junior team members.","Full Stack Developer needed at a growing healthcare organization. Required skills: React, Node.js, JavaScript, MongoDB, and REST APIs. The ideal candidate has 1+ years of experience in software engineering and application development.",0.91,high
"Data Scientist with 5 years of experience in data analysis and reporting. Skilled in Python, machine learning, pandas, and statistics. Proven track record of delivering measurable results and collaborating with cross-functional teams. Seeking a role where I can apply my expertise in Python and continue growing professionally. Strong communicator with a history of mentoring junior team members.","Data Scientist needed at a growing startup. Required skills: Python, machine learning, pandas, statistics, and SQL. The ideal candidate has 3+ years of experience in data analysis and reporting and a strong ability to work independently as well as within a team. Responsibilities include applying Python to solve real business problems.",0.94,high
"Financial Analyst with 6 years of experience in financial planning and analysis. Skilled in financial modeling, Excel, forecasting, valuation, and budgeting. Proven track record of delivering measurable results for cross-functional teams.","Financial Analyst needed at a growing technology company. Required skills: financial modeling, Excel, forecasting, valuation, and budgeting.",0.91,high
"Mobile App Developer with 6 years of experience in software engineering and application development. Skilled in Flutter, Kotlin, Swift, REST APIs, and mobile UI design. Proven track record of delivering measurable results and collaborating with cross-functional teams. Holds relevant certifications and has led multiple successful projects from planning through delivery. Seeking a role where I can apply my expertise in Flutter and continue growing professionally as part of a driven team.","Mobile App Developer needed at a growing enterprise firm. Required skills: Flutter, Kotlin, Swift, REST APIs, mobile UI design, and Firebase. The ideal candidate has 4+ years of experience in software engineering and application development.",0.86,high
"Recruiter with 10 years of experience. Skilled in sourcing, ATS systems, interviewing, and candidate screening. Looking for a sourcing focused role.","HR Manager needed at a growing startup. Required skills: recruitment, employee relations, HRIS, onboarding, performance management, and payroll. The ideal candidate has 9+ years of experience in human resources and talent management.",0.46,medium
"Machine Learning Engineer with 10 years of experience in data analysis and reporting. Skilled in Python, TensorFlow, and PyTorch. Proven track record of delivering measurable results and collaborating with cross-functional teams. Seeking a role where I can apply my expertise in Python and continue growing professionally. Strong communicator with a history of mentoring junior team members.","Data Scientist needed at a growing hospital network. Required skills: Python, machine learning, and pandas. The ideal candidate has 9+ years of experience in data analysis and reporting and a strong ability to work independently as well as within a team. Responsibilities include applying Python to solve real business problems. Competitive salary, remote-friendly, and strong growth opportunities are offered.",0.47,medium
"Data Analyst with 3 years of experience in data analysis and reporting. Skilled in SQL, Python, Power BI, Excel, and data visualization. Proven track record of delivering measurable results and collaborating with cross-functional teams. Seeking a role where I can apply my expertise in SQL and continue growing professionally. Strong communicator with a history of mentoring junior team members.","QA Engineer needed at a growing healthcare organization. Required skills: test automation, Selenium, manual testing, bug tracking, and regression testing. The ideal candidate has 3+ years of experience in software engineering and application development and a strong ability to work independently as well as within a team. Responsibilities include applying test automation to solve real business problems. Competitive salary, remote-friendly, and strong growth opportunities are offered.",0.09,low
"Machine Learning Engineer with 6 years of experience. Skilled in Python, and TensorFlow. Looking for a Python focused role.","Data Analyst needed at a growing financial services company. Required skills: SQL, Python, Power BI, Excel, and data visualization. The ideal candidate has 5+ years of experience in data analysis and reporting and a strong ability to work independently as well as within a team. Responsibilities include applying SQL to solve real business problems.",0.56,medium
"Cloud Architect with 1 years of experience. Skilled in AWS, Azure, cloud migration, and infrastructure as code. Looking for a AWS focused role.","Cloud Architect needed at a growing SaaS company. Required skills: AWS, Azure, and cloud migration. The ideal candidate has 1+ years of experience in software engineering and application development and a strong ability to work independently as well as within a team. Responsibilities include applying AWS to solve real business problems. Competitive salary, remote-friendly, and strong growth opportunities are offered.",0.93,high
"Healthcare Analyst with 3 years of experience in healthcare data management. Skilled in SQL, healthcare informatics, HIPAA compliance, Tableau, clinical data, and statistics. Proven track record of delivering measurable results for cross-functional teams.","Healthcare Analyst needed at a growing financial services company. Required skills: SQL, healthcare informatics, HIPAA compliance, and Tableau.",0.91,high
"HR Manager with 5 years of experience. Skilled in recruitment, employee relations, HRIS, onboarding, and performance management. Looking for a recruitment focused role.","HR Manager needed at a growing healthcare organization. Required skills: recruitment, employee relations, and HRIS. The ideal candidate has 3+ years of experience in human resources and talent management and a strong ability to work independently as well as within a team. Responsibilities include applying recruitment to solve real business problems. Competitive salary, remote-friendly, and strong growth opportunities are offered.",0.92,high
"Digital Marketing Specialist with 3 years of experience in digital marketing and brand growth. Skilled in SEO, Google Ads, content strategy, and social media marketing. Proven track record of delivering measurable results and collaborating with cross-functional teams. Seeking a role where I can apply my expertise in SEO and continue growing professionally. Strong communicator with a history of mentoring junior team members.","Backend Engineer needed at a growing consulting agency. Required skills: Python, FastAPI, PostgreSQL, REST APIs, Docker, and microservices. The ideal candidate has 10+ years of experience in software engineering and application development and a strong ability to work independently as well as within a team. Responsibilities include applying Python to solve real business problems.",0.11,low
"Operations Manager with 10 years of experience in operations and process management. Skilled in process improvement, supply chain, team leadership, and budgeting. Proven track record of delivering measurable results and collaborating with cross-functional teams. Seeking a role where I can apply my expertise in process improvement and continue growing professionally. Strong communicator with a history of mentoring junior team members.","Operations Manager needed at a growing enterprise firm. Required skills: process improvement, supply chain, team leadership, budgeting, and vendor management. The ideal candidate has 9+ years of experience in operations and process management and a strong ability to work independently as well as within a team. Responsibilities include applying process improvement to solve real business problems.",0.44,medium
"Recruiter with 6 years of experience in human resources and talent management. Skilled in sourcing, ATS systems, and interviewing. Proven track record of delivering measurable results and collaborating with cross-functional teams. Seeking a role where I can apply my expertise in sourcing and continue growing professionally. Strong communicator with a history of mentoring junior team members.","Recruiter needed at a growing enterprise firm. Required skills: sourcing, ATS systems, interviewing, and candidate screening. The ideal candidate has 4+ years of experience in human resources and talent management.",0.91,high
"Network Engineer with 2 years of experience in information security and risk management. Skilled in Cisco, routing and switching, network troubleshooting, VPN, and firewalls. Proven track record of delivering measurable results for cross-functional teams.","Cybersecurity Analyst needed at a growing technology company. Required skills: SIEM, penetration testing, network security, incident response, and firewalls.",0.43,medium
"Machine Learning Engineer with 5 years of experience in data analysis and reporting. Skilled in Python, TensorFlow, and PyTorch. Proven track record of delivering measurable results and collaborating with cross-functional teams. Seeking a role where I can apply my expertise in Python and continue growing professionally. Strong communicator with a history of mentoring junior team members.","Machine Learning Engineer needed at a growing technology company. Required skills: Python, TensorFlow, PyTorch, and model deployment. The ideal candidate has 3+ years of experience in data analysis and reporting and a strong ability to work independently as well as within a team. Responsibilities include applying Python to solve real business problems.",0.87,high
"DevOps Engineer with 10 years of experience in software engineering and application development. Skilled in Docker, Kubernetes, CI/CD, AWS, and Terraform. Proven track record of delivering measurable results and collaborating with cross-functional teams. Holds relevant certifications and has led multiple successful projects from planning through delivery. Seeking a role where I can apply my expertise in Docker and continue growing professionally as part of a driven team.","DevOps Engineer needed at a growing technology company. Required skills: Docker, Kubernetes, CI/CD, and AWS. The ideal candidate has 8+ years of experience in software engineering and application development and a strong ability to work independently as well as within a team. Responsibilities include applying Docker to solve real business problems.",0.92,high
"UX Designer with 4 years of experience in user experience and visual design. Skilled in Figma, wireframing, user research, prototyping, and usability testing. Proven track record of delivering measurable results and collaborating with cross-functional teams. Holds relevant certifications and has led multiple successful projects from planning through delivery. Seeking a role where I can apply my expertise in Figma and continue growing professionally as part of a driven team.","UX Designer needed at a growing technology company. Required skills: Figma, wireframing, and user research. The ideal candidate has 2+ years of experience in user experience and visual design.",0.93,high
"Sales Manager with 10 years of experience in business development and client relationship management. Skilled in B2B sales, and CRM. Proven track record of delivering measurable results and collaborating with cross-functional teams. Seeking a role where I can apply my expertise in B2B sales and continue growing professionally. Strong communicator with a history of mentoring junior team members.","Sales Manager needed at a growing startup. Required skills: B2B sales, CRM, lead generation, negotiation, pipeline management, and Salesforce. The ideal candidate has 9+ years of experience in business development and client relationship management.",0.46,medium
"Content Writer with 8 years of experience in digital marketing and brand growth. Skilled in SEO writing, copywriting, and content strategy. Proven track record of delivering measurable results for cross-functional teams.","Digital Marketing Specialist needed at a growing hospital network. Required skills: SEO, Google Ads, content strategy, social media marketing, analytics, and email marketing. The ideal candidate has 7+ years of experience in digital marketing and brand growth and a strong ability to work independently as well as within a team. Responsibilities include applying SEO to solve real business problems.",0.53,medium
"Financial Analyst with 7 years of experience in financial planning and analysis. Skilled in financial modeling, and Excel. Proven track record of delivering measurable results and collaborating with cross-functional teams. Seeking a role where I can apply my expertise in financial modeling and continue growing professionally. Strong communicator with a history of mentoring junior team members.","Accountant needed at a growing enterprise firm. Required skills: bookkeeping, GAAP, tax preparation, and QuickBooks. The ideal candidate has 6+ years of experience in financial planning and analysis and a strong ability to work independently as well as within a team. Responsibilities include applying bookkeeping to solve real business problems. Competitive salary, remote-friendly, and strong growth opportunities are offered.",0.49,medium
"Content Writer with 7 years of experience in digital marketing and brand growth. Skilled in SEO writing, copywriting, content strategy, and editing. Proven track record of delivering measurable results for cross-functional teams.","Digital Marketing Specialist needed at a growing SaaS company. Required skills: SEO, Google Ads, and content strategy. The ideal candidate has 6+ years of experience in digital marketing and brand growth and a strong ability to work independently as well as within a team. Responsibilities include applying SEO to solve real business problems.",0.55,medium
"Cloud Architect with 10 years of experience in software engineering and application development. Skilled in AWS, Azure, cloud migration, infrastructure as code, and cost optimization. Proven track record of delivering measurable results for cross-functional teams.","Cloud Architect needed at a growing startup. Required skills: AWS, Azure, cloud migration, and infrastructure as code.",0.9,high
"DevOps Engineer with 2 years of experience in software engineering and application development. Skilled in Docker, and Kubernetes. Proven track record of delivering measurable results for cross-functional teams.","Backend Engineer needed at a growing hospital network. Required skills: Python, FastAPI, PostgreSQL, REST APIs, Docker, and microservices. The ideal candidate has 1+ years of experience in software engineering and application development.",0.45,medium
"Recruiter with 8 years of experience in human resources and talent management. Skilled in sourcing, ATS systems, interviewing, and candidate screening. Proven track record of delivering measurable results and collaborating with cross-functional teams. Seeking a role where I can apply my expertise in sourcing and continue growing professionally. Strong communicator with a history of mentoring junior team members.","Accountant needed at a growing SaaS company. Required skills: bookkeeping, GAAP, tax preparation, and QuickBooks. The ideal candidate has 1+ years of experience in financial planning and analysis.",0.06,low
"Financial Analyst with 5 years of experience in financial planning and analysis. Skilled in financial modeling, Excel, and forecasting. Proven track record of delivering measurable results and collaborating with cross-functional teams. Seeking a role where I can apply my expertise in financial modeling and continue growing professionally. Strong communicator with a history of mentoring junior team members.","Financial Analyst needed at a growing consulting agency. Required skills: financial modeling, Excel, forecasting, valuation, budgeting, and SQL. The ideal candidate has 3+ years of experience in financial planning and analysis and a strong ability to work independently as well as within a team. Responsibilities include applying financial modeling to solve real business problems. Competitive salary, remote-friendly, and strong growth opportunities are offered.",0.94,high
"Full Stack Developer with 4 years of experience in software engineering and application development. Skilled in React, Node.js, JavaScript, MongoDB, and REST APIs. Proven track record of delivering measurable results and collaborating with cross-functional teams. Seeking a role where I can apply my expertise in React and continue growing professionally. Strong communicator with a history of mentoring junior team members.","Full Stack Developer needed at a growing startup. Required skills: React, Node.js, and JavaScript.",0.91,high
"Full Stack Developer with 4 years of experience in software engineering and application development. Skilled in React, Node.js, and JavaScript. Proven track record of delivering measurable results and collaborating with cross-functional teams. Seeking a role where I can apply my expertise in React and continue growing professionally. Strong communicator with a history of mentoring junior team members.","DevOps Engineer needed at a growing financial services company. Required skills: Docker, Kubernetes, CI/CD, AWS, and Terraform. The ideal candidate has 3+ years of experience in software engineering and application development.",0.55,medium
"Sales Manager with 3 years of experience in business development and client relationship management. Skilled in B2B sales, CRM, lead generation, negotiation, pipeline management, and Salesforce. Proven track record of delivering measurable results and collaborating with cross-functional teams. Holds relevant certifications and has led multiple successful projects from planning through delivery. Seeking a role where I can apply my expertise in B2B sales and continue growing professionally as part of a driven team.","Sales Manager needed at a growing financial services company. Required skills: B2B sales, CRM, lead generation, negotiation, pipeline management, and Salesforce. The ideal candidate has 1+ years of experience in business development and client relationship management and a strong ability to work independently as well as within a team. Responsibilities include applying B2B sales to solve real business problems. Competitive salary, remote-friendly, and strong growth opportunities are offered.",0.89,high
"Machine Learning Engineer with 7 years of experience in data analysis and reporting. Skilled in Python, TensorFlow, PyTorch, model deployment, and scikit-learn. Proven track record of delivering measurable results and collaborating with cross-functional teams. Seeking a role where I can apply my expertise in Python and continue growing professionally. Strong communicator with a history of mentoring junior team members.","Machine Learning Engineer needed at a growing healthcare organization. Required skills: Python, TensorFlow, and PyTorch.",0.95,high
"Product Manager with 3 years of experience. Skilled in roadmapping, Agile, stakeholder management, and user research. Looking for a roadmapping focused role.","Business Analyst needed at a growing e-commerce platform. Required skills: requirements gathering, SQL, process mapping, stakeholder communication, Excel, and Agile. The ideal candidate has 2+ years of experience in product strategy and cross-functional delivery and a strong ability to work independently as well as within a team. Responsibilities include applying requirements gathering to solve real business problems.",0.53,medium
"Data Scientist with 2 years of experience in data analysis and reporting. Skilled in Python, machine learning, pandas, and statistics. Proven track record of delivering measurable results and collaborating with cross-functional teams. Seeking a role where I can apply my expertise in Python and continue growing professionally. Strong communicator with a history of mentoring junior team members.","Machine Learning Engineer needed at a growing enterprise firm. Required skills: Python, TensorFlow, PyTorch, model deployment, scikit-learn, and MLOps. The ideal candidate has 1+ years of experience in data analysis and reporting.",0.48,medium
"Financial Analyst with 4 years of experience in financial planning and analysis. Skilled in financial modeling, and Excel. Proven track record of delivering measurable results for cross-functional teams.","Full Stack Developer needed at a growing SaaS company. Required skills: React, Node.js, and JavaScript.",0.12,low
"Product Manager with 6 years of experience in product strategy and cross-functional delivery. Skilled in roadmapping, Agile, stakeholder management, user research, and A/B testing. Proven track record of delivering measurable results and collaborating with cross-functional teams. Seeking a role where I can apply my expertise in roadmapping and continue growing professionally. Strong communicator with a history of mentoring junior team members.","Product Manager needed at a growing SaaS company. Required skills: roadmapping, Agile, stakeholder management, user research, and A/B testing.",0.89,high
"Data Scientist with 3 years of experience in data analysis and reporting. Skilled in Python, and machine learning. Proven track record of delivering measurable results and collaborating with cross-functional teams. Seeking a role where I can apply my expertise in Python and continue growing professionally. Strong communicator with a history of mentoring junior team members.","Data Analyst needed at a growing enterprise firm. Required skills: SQL, Python, and Power BI. The ideal candidate has 2+ years of experience in data analysis and reporting and a strong ability to work independently as well as within a team. Responsibilities include applying SQL to solve real business problems.",0.49,medium
"Healthcare Analyst with 4 years of experience in healthcare data management. Skilled in SQL, healthcare informatics, and HIPAA compliance. Proven track record of delivering measurable results and collaborating with cross-functional teams. Seeking a role where I can apply my expertise in SQL and continue growing professionally. Strong communicator with a history of mentoring junior team members.","Financial Analyst needed at a growing startup. Required skills: financial modeling, Excel, and forecasting. The ideal candidate has 8+ years of experience in financial planning and analysis.",0.08,low
"Financial Analyst with 2 years of experience in financial planning and analysis. Skilled in financial modeling, Excel, forecasting, and valuation. Proven track record of delivering measurable results and collaborating with cross-functional teams. Seeking a role where I can apply my expertise in financial modeling and continue growing professionally. Strong communicator with a history of mentoring junior team members.","Accountant needed at a growing SaaS company. Required skills: bookkeeping, GAAP, tax preparation, QuickBooks, reconciliation, and financial reporting. The ideal candidate has 1+ years of experience in financial planning and analysis.",0.48,medium
"Network Engineer with 7 years of experience in information security and risk management. Skilled in Cisco, routing and switching, network troubleshooting, VPN, and firewalls. Proven track record of delivering measurable results and collaborating with cross-functional teams. Seeking a role where I can apply my expertise in Cisco and continue growing professionally. Strong communicator with a history of mentoring junior team members.","Network Engineer needed at a growing hospital network. Required skills: Cisco, routing and switching, network troubleshooting, VPN, firewalls, and TCP/IP. The ideal candidate has 5+ years of experience in information security and risk management and a strong ability to work independently as well as within a team. Responsibilities include applying Cisco to solve real business problems. Competitive salary, remote-friendly, and strong growth opportunities are offered.",0.93,high
"DevOps Engineer with 4 years of experience in software engineering and application development. Skilled in Docker, Kubernetes, and CI/CD. Proven track record of delivering measurable results for cross-functional teams.","DevOps Engineer needed at a growing consulting agency. Required skills: Docker, Kubernetes, CI/CD, AWS, and Terraform. The ideal candidate has 2+ years of experience in software engineering and application development and a strong ability to work independently as well as within a team. Responsibilities include applying Docker to solve real business problems.",0.94,high
"Full Stack Developer with 6 years of experience. Skilled in React, and Node.js. Looking for a React focused role.","QA Engineer needed at a growing healthcare organization. Required skills: test automation, Selenium, and manual testing. The ideal candidate has 5+ years of experience in software engineering and application development and a strong ability to work independently as well as within a team. Responsibilities include applying test automation to solve real business problems.",0.49,medium
"UX Designer with 4 years of experience in user experience and visual design. Skilled in Figma, wireframing, user research, and prototyping. Proven track record of delivering measurable results and collaborating with cross-functional teams. Seeking a role where I can apply my expertise in Figma and continue growing professionally. Strong communicator with a history of mentoring junior team members.","HR Manager needed at a growing consulting agency. Required skills: recruitment, employee relations, HRIS, onboarding, and performance management. The ideal candidate has 6+ years of experience in human resources and talent management and a strong ability to work independently as well as within a team. Responsibilities include applying recruitment to solve real business problems.",0.05,low
"Graphic Designer with 7 years of experience in user experience and visual design. Skilled in Adobe Photoshop, Illustrator, branding, typography, and layout design. Proven track record of delivering measurable results and collaborating with cross-functional teams. Holds relevant certifications and has led multiple successful projects from planning through delivery. Seeking a role where I can apply my expertise in Adobe Photoshop and continue growing professionally as part of a driven team.","Product Manager needed at a growing SaaS company. Required skills: roadmapping, Agile, stakeholder management, user research, A/B testing, and JIRA. The ideal candidate has 1+ years of experience in product strategy and cross-functional delivery and a strong ability to work independently as well as within a team. Responsibilities include applying roadmapping to solve real business problems.",0.06,low
"Accountant with 4 years of experience in financial planning and analysis. Skilled in bookkeeping, GAAP, tax preparation, and QuickBooks. Proven track record of delivering measurable results for cross-functional teams.","Accountant needed at a growing e-commerce platform. Required skills: bookkeeping, GAAP, tax preparation, QuickBooks, and reconciliation. The ideal candidate has 2+ years of experience in financial planning and analysis and a strong ability to work independently as well as within a team. Responsibilities include applying bookkeeping to solve real business problems.",0.94,high
"Sales Manager with 2 years of experience. Skilled in B2B sales, CRM, lead generation, and negotiation. Looking for a B2B sales focused role.","Sales Manager needed at a growing financial services company. Required skills: B2B sales, CRM, lead generation, negotiation, and pipeline management. The ideal candidate has 1+ years of experience in business development and client relationship management and a strong ability to work independently as well as within a team. Responsibilities include applying B2B sales to solve real business problems.",0.85,high
"Product Manager with 8 years of experience in product strategy and cross-functional delivery. Skilled in roadmapping, and Agile. Proven track record of delivering measurable results for cross-functional teams.","Financial Analyst needed at a growing consulting agency. Required skills: financial modeling, Excel, forecasting, valuation, and budgeting. The ideal candidate has 3+ years of experience in financial planning and analysis and a strong ability to work independently as well as within a team. Responsibilities include applying financial modeling to solve real business problems.",0.07,low
"Mobile App Developer with 7 years of experience in software engineering and application development. Skilled in Flutter, and Kotlin. Proven track record of delivering measurable results and collaborating with cross-functional teams. Holds relevant certifications and has led multiple successful projects from planning through delivery. Seeking a role where I can apply my expertise in Flutter and continue growing professionally as part of a driven team.","Cloud Architect needed at a growing healthcare organization. Required skills: AWS, Azure, cloud migration, and infrastructure as code.",0.57,medium
"Network Engineer with 4 years of experience in information security and risk management. Skilled in Cisco, routing and switching, network troubleshooting, and VPN. Proven track record of delivering measurable results for cross-functional teams.","Cybersecurity Analyst needed at a growing financial services company. Required skills: SIEM, penetration testing, and network security. The ideal candidate has 3+ years of experience in information security and risk management and a strong ability to work independently as well as within a team. Responsibilities include applying SIEM to solve real business problems.",0.41,medium
"Backend Engineer with 8 years of experience. Skilled in Python, and FastAPI. Looking for a Python focused role.","Full Stack Developer needed at a growing technology company. Required skills: React, Node.js, JavaScript, MongoDB, REST APIs, and Git. The ideal candidate has 7+ years of experience in software engineering and application development and a strong ability to work independently as well as within a team. Responsibilities include applying React to solve real business problems. Competitive salary, remote-friendly, and strong growth opportunities are offered.",0.45,medium
"Financial Analyst with 4 years of experience in financial planning and analysis. Skilled in financial modeling, Excel, forecasting, valuation, and budgeting. Proven track record of delivering measurable results and collaborating with cross-functional teams. Seeking a role where I can apply my expertise in financial modeling and continue growing professionally. Strong communicator with a history of mentoring junior team members.","Financial Analyst needed at a growing technology company. Required skills: financial modeling, Excel, forecasting, valuation, and budgeting. The ideal candidate has 2+ years of experience in financial planning and analysis and a strong ability to work independently as well as within a team. Responsibilities include applying financial modeling to solve real business problems. Competitive salary, remote-friendly, and strong growth opportunities are offered.",0.92,high
"Accountant with 3 years of experience in financial planning and analysis. Skilled in bookkeeping, GAAP, tax preparation, QuickBooks, and reconciliation. Proven track record of delivering measurable results for cross-functional teams.","Accountant needed at a growing healthcare organization. Required skills: bookkeeping, GAAP, tax preparation, QuickBooks, and reconciliation. The ideal candidate has 1+ years of experience in financial planning and analysis and a strong ability to work independently as well as within a team. Responsibilities include applying bookkeeping to solve real business problems. Competitive salary, remote-friendly, and strong growth opportunities are offered.",0.91,high
"Financial Analyst with 8 years of experience in financial planning and analysis. Skilled in financial modeling, Excel, forecasting, valuation, and budgeting. Proven track record of delivering measurable results for cross-functional teams.","Mobile App Developer needed at a growing enterprise firm. Required skills: Flutter, Kotlin, Swift, REST APIs, and mobile UI design. The ideal candidate has 2+ years of experience in software engineering and application development.",0.14,low
"Graphic Designer with 8 years of experience in user experience and visual design. Skilled in Adobe Photoshop, Illustrator, branding, and typography. Proven track record of delivering measurable results and collaborating with cross-functional teams. Seeking a role where I can apply my expertise in Adobe Photoshop and continue growing professionally. Strong communicator with a history of mentoring junior team members.","Graphic Designer needed at a growing healthcare organization. Required skills: Adobe Photoshop, Illustrator, branding, typography, and layout design. The ideal candidate has 6+ years of experience in user experience and visual design and a strong ability to work independently as well as within a team. Responsibilities include applying Adobe Photoshop to solve real business problems.",0.88,high
"QA Engineer with 8 years of experience in software engineering and application development. Skilled in test automation, Selenium, manual testing, bug tracking, regression testing, and API testing. Proven track record of delivering measurable results and collaborating with cross-functional teams. Seeking a role where I can apply my expertise in test automation and continue growing professionally. Strong communicator with a history of mentoring junior team members.","QA Engineer needed at a growing e-commerce platform. Required skills: test automation, Selenium, and manual testing. The ideal candidate has 6+ years of experience in software engineering and application development and a strong ability to work independently as well as within a team. Responsibilities include applying test automation to solve real business problems. Competitive salary, remote-friendly, and strong growth opportunities are offered.",0.55,high
"Accountant with 4 years of experience in financial planning and analysis. Skilled in bookkeeping, and GAAP. Proven track record of delivering measurable results and collaborating with cross-functional teams. Seeking a role where I can apply my expertise in bookkeeping and continue growing professionally. Strong communicator with a history of mentoring junior team members.","Financial Analyst needed at a growing healthcare organization. Required skills: financial modeling, Excel, and forecasting. The ideal candidate has 3+ years of experience in financial planning and analysis and a strong ability to work independently as well as within a team. Responsibilities include applying financial modeling to solve real business problems.",0.52,medium
"Healthcare Analyst with 4 years of experience in healthcare data management. Skilled in SQL, and healthcare informatics. Proven track record of delivering measurable results for cross-functional teams.","QA Engineer needed at a growing SaaS company. Required skills: test automation, Selenium, manual testing, bug tracking, regression testing, and API testing. The ideal candidate has 8+ years of experience in software engineering and application development.",0.09,low
"Network Engineer with 6 years of experience in information security and risk management. Skilled in Cisco, routing and switching, and network troubleshooting. Proven track record of delivering measurable results and collaborating with cross-functional teams. Seeking a role where I can apply my expertise in Cisco and continue growing professionally. Strong communicator with a history of mentoring junior team members.","Network Engineer needed at a growing e-commerce platform. Required skills: Cisco, routing and switching, network troubleshooting, VPN, firewalls, and TCP/IP. The ideal candidate has 4+ years of experience in information security and risk management and a strong ability to work independently as well as within a team. Responsibilities include applying Cisco to solve real business problems. Competitive salary, remote-friendly, and strong growth opportunities are offered.",0.91,high
"Data Analyst with 10 years of experience in data analysis and reporting. Skilled in SQL, Python, Power BI, Excel, and data visualization. Proven track record of delivering measurable results and collaborating with cross-functional teams. Seeking a role where I can apply my expertise in SQL and continue growing professionally. Strong communicator with a history of mentoring junior team members.","Data Analyst needed at a growing SaaS company. Required skills: SQL, Python, and Power BI. The ideal candidate has 8+ years of experience in data analysis and reporting and a strong ability to work independently as well as within a team. Responsibilities include applying SQL to solve real business problems.",0.93,high
"Cloud Architect with 3 years of experience in software engineering and application development. Skilled in AWS, Azure, cloud migration, infrastructure as code, and cost optimization. Proven track record of delivering measurable results and collaborating with cross-functional teams. Seeking a role where I can apply my expertise in AWS and continue growing professionally. Strong communicator with a history of mentoring junior team members.","Cloud Architect needed at a growing healthcare organization. Required skills: AWS, Azure, cloud migration, infrastructure as code, and cost optimization.",0.88,high
"Recruiter with 2 years of experience in human resources and talent management. Skilled in sourcing, and ATS systems. Proven track record of delivering measurable results and collaborating with cross-functional teams. Seeking a role where I can apply my expertise in sourcing and continue growing professionally. Strong communicator with a history of mentoring junior team members.","HR Manager needed at a growing SaaS company. Required skills: recruitment, employee relations, HRIS, and onboarding. The ideal candidate has 1+ years of experience in human resources and talent management.",0.53,medium
"Operations Manager with 2 years of experience in operations and process management. Skilled in process improvement, supply chain, and team leadership. Proven track record of delivering measurable results for cross-functional teams.","Operations Manager needed at a growing e-commerce platform. Required skills: process improvement, supply chain, team leadership, and budgeting. The ideal candidate has 1+ years of experience in operations and process management.",0.41,medium
"Sales Manager with 7 years of experience in business development and client relationship management. Skilled in B2B sales, CRM, and lead generation. Proven track record of delivering measurable results and collaborating with cross-functional teams. Seeking a role where I can apply my expertise in B2B sales and continue growing professionally. Strong communicator with a history of mentoring junior team members.","HR Manager needed at a growing e-commerce platform. Required skills: recruitment, employee relations, HRIS, and onboarding. The ideal candidate has 3+ years of experience in human resources and talent management and a strong ability to work independently as well as within a team. Responsibilities include applying recruitment to solve real business problems. Competitive salary, remote-friendly, and strong growth opportunities are offered.",0.11,low
"Operations Manager with 5 years of experience in operations and process management. Skilled in process improvement, supply chain, team leadership, and budgeting. Proven track record of delivering measurable results and collaborating with cross-functional teams. Seeking a role where I can apply my expertise in process improvement and continue growing professionally. Strong communicator with a history of mentoring junior team members.","DevOps Engineer needed at a growing enterprise firm. Required skills: Docker, Kubernetes, CI/CD, AWS, and Terraform. The ideal candidate has 5+ years of experience in software engineering and application development and a strong ability to work independently as well as within a team. Responsibilities include applying Docker to solve real business problems.",99.0,low
"Healthcare Analyst with 5 years of experience in healthcare data management. Skilled in SQL, and healthcare informatics. Proven track record of delivering measurable results and collaborating with cross-functional teams. Holds relevant certifications and has led multiple successful projects from planning through delivery. Seeking a role where I can apply my expertise in SQL and continue growing professionally as part of a driven team.","Healthcare Analyst needed at a growing enterprise firm. Required skills: SQL, healthcare informatics, HIPAA compliance, Tableau, clinical data, and statistics.",0.5,medium
"Graphic Designer with 2 years of experience in user experience and visual design. Skilled in Adobe Photoshop, Illustrator, branding, typography, and layout design. Proven track record of delivering measurable results and collaborating with cross-functional teams. Holds relevant certifications and has led multiple successful projects from planning through delivery. Seeking a role where I can apply my expertise in Adobe Photoshop and continue growing professionally as part of a driven team.","Cloud Architect needed at a growing financial services company. Required skills: AWS, Azure, cloud migration, infrastructure as code, cost optimization, and security architecture. The ideal candidate has 6+ years of experience in software engineering and application development.",0.1,low
"Business Analyst with 10 years of experience in product strategy and cross-functional delivery. Skilled in requirements gathering, SQL, process mapping, and stakeholder communication. Proven track record of delivering measurable results for cross-functional teams.","DevOps Engineer needed at a growing SaaS company. Required skills: Docker, Kubernetes, CI/CD, AWS, Terraform, and Linux.",0.13,low
"Business Analyst with 5 years of experience. Skilled in requirements gathering, and SQL. Looking for a requirements gathering focused role.","Backend Engineer needed at a growing hospital network. Required skills: Python, FastAPI, PostgreSQL, REST APIs, and Docker. The ideal candidate has 8+ years of experience in software engineering and application development.",0.11,low
"Digital Marketing Specialist with 7 years of experience in digital marketing and brand growth. Skilled in SEO, Google Ads, content strategy, social media marketing, and analytics. Proven track record of delivering measurable results and collaborating with cross-functional teams. Seeking a role where I can apply my expertise in SEO and continue growing professionally. Strong communicator with a history of mentoring junior team members.","Machine Learning Engineer needed at a growing startup. Required skills: Python, TensorFlow, PyTorch, and model deployment. The ideal candidate has 5+ years of experience in data analysis and reporting and a strong ability to work independently as well as within a team. Responsibilities include applying Python to solve real business problems.",0.14,low
"Healthcare Analyst with 8 years of experience in healthcare data management. Skilled in SQL, healthcare informatics, HIPAA compliance, and Tableau. Proven track record of delivering measurable results for cross-functional teams.","Healthcare Analyst needed at a growing e-commerce platform. Required skills: SQL, healthcare informatics, HIPAA compliance, Tableau, and clinical data. The ideal candidate has 6+ years of experience in healthcare data management.",0.87,high
"Machine Learning Engineer with 2 years of experience in data analysis and reporting. Skilled in Python, TensorFlow, PyTorch, model deployment, and scikit-learn. Proven track record of delivering measurable results and collaborating with cross-functional teams. Seeking a role where I can apply my expertise in Python and continue growing professionally. Strong communicator with a history of mentoring junior team members.","Machine Learning Engineer needed at a growing hospital network. Required skills: Python, TensorFlow, PyTorch, model deployment, and scikit-learn. The ideal candidate has 1+ years of experience in data analysis and reporting and a strong ability to work independently as well as within a team. Responsibilities include applying Python to solve real business problems.",0.85,high
"Backend Engineer with 6 years of experience in software engineering and application development. Skilled in Python, FastAPI, and PostgreSQL. Proven track record of delivering measurable results and collaborating with cross-functional teams. Seeking a role where I can apply my expertise in Python and continue growing professionally. Strong communicator with a history of mentoring junior team members.","Backend Engineer needed at a growing consulting agency. Required skills: Python, FastAPI, PostgreSQL, REST APIs, and Docker. The ideal candidate has 4+ years of experience in software engineering and application development.",0.9,high
"Cybersecurity Analyst with 7 years of experience in information security and risk management. Skilled in SIEM, penetration testing, network security, and incident response. Proven track record of delivering measurable results for cross-functional teams.","Sales Manager needed at a growing consulting agency. Required skills: B2B sales, CRM, lead generation, negotiation, and pipeline management. The ideal candidate has 1+ years of experience in business development and client relationship management and a strong ability to work independently as well as within a team. Responsibilities include applying B2B sales to solve real business problems. Competitive salary, remote-friendly, and strong growth opportunities are offered.",0.13,low
"Business Analyst with 8 years of experience in product strategy and cross-functional delivery. Skilled in requirements gathering, SQL, and process mapping. Proven track record of delivering measurable results and collaborating with cross-functional teams. Seeking a role where I can apply my expertise in requirements gathering and continue growing professionally. Strong communicator with a history of mentoring junior team members.",,0.56,medium
"Cybersecurity Analyst with 4 years of experience in information security and risk management. Skilled in SIEM, penetration testing, network security, and incident response. Proven track record of delivering measurable results and collaborating with cross-functional teams. Holds relevant certifications and has led multiple successful projects from planning through delivery. Seeking a role where I can apply my expertise in SIEM and continue growing professionally as part of a driven team.","Machine Learning Engineer needed at a growing enterprise firm. Required skills: Python, TensorFlow, PyTorch, model deployment, and scikit-learn. The ideal candidate has 4+ years of experience in data analysis and reporting and a strong ability to work independently as well as within a team. Responsibilities include applying Python to solve real business problems.",0.09,low
"DevOps Engineer with 3 years of experience in software engineering and application development. Skilled in Docker, Kubernetes, CI/CD, AWS, Terraform, and Linux. Proven track record of delivering measurable results for cross-functional teams.","DevOps Engineer needed at a growing technology company. Required skills: Docker, Kubernetes, and CI/CD. The ideal candidate has 1+ years of experience in software engineering and application development.",0.87,high
"Data Analyst with 5 years of experience in data analysis and reporting. Skilled in SQL, and Python. Proven track record of delivering measurable results and collaborating with cross-functional teams. Seeking a role where I can apply my expertise in SQL and continue growing professionally. Strong communicator with a history of mentoring junior team members.","Digital Marketing Specialist needed at a growing e-commerce platform. Required skills: SEO, Google Ads, and content strategy. The ideal candidate has 7+ years of experience in digital marketing and brand growth and a strong ability to work independently as well as within a team. Responsibilities include applying SEO to solve real business problems. Competitive salary, remote-friendly, and strong growth opportunities are offered.",0.06,low
"Digital Marketing Specialist with 10 years of experience in digital marketing and brand growth. Skilled in SEO, Google Ads, and content strategy. Proven track record of delivering measurable results and collaborating with cross-functional teams. Seeking a role where I can apply my expertise in SEO and continue growing professionally. Strong communicator with a history of mentoring junior team members.","Content Writer needed at a growing healthcare organization. Required skills: SEO writing, copywriting, content strategy, and editing. The ideal candidate has 9+ years of experience in digital marketing and brand growth and a strong ability to work independently as well as within a team. Responsibilities include applying SEO writing to solve real business problems. Competitive salary, remote-friendly, and strong growth opportunities are offered.",0.52,medium
"QA Engineer with 2 years of experience in software engineering and application development. Skilled in test automation, Selenium, manual testing, and bug tracking. Proven track record of delivering measurable results for cross-functional teams.","Cloud Architect needed at a growing e-commerce platform. Required skills: AWS, Azure, cloud migration, infrastructure as code, and cost optimization.",0.49,medium
"Full Stack Developer with 1 years of experience in software engineering and application development. Skilled in React, Node.js, JavaScript, and MongoDB. Proven track record of delivering measurable results for cross-functional teams.","Cloud Architect needed at a growing SaaS company. Required skills: AWS, Azure, cloud migration, and infrastructure as code. The ideal candidate has 1+ years of experience in software engineering and application development and a strong ability to work independently as well as within a team. Responsibilities include applying AWS to solve real business problems.",0.55,medium
"Graphic Designer with 2 years of experience in user experience and visual design. Skilled in Adobe Photoshop, Illustrator, branding, typography, layout design, and InDesign. Proven track record of delivering measurable results for cross-functional teams.","Graphic Designer needed at a growing consulting agency. Required skills: Adobe Photoshop, Illustrator, and branding. The ideal candidate has 1+ years of experience in user experience and visual design and a strong ability to work independently as well as within a team. Responsibilities include applying Adobe Photoshop to solve real business problems. Competitive salary, remote-friendly, and strong growth opportunities are offered.",0.86,high
"Accountant with 5 years of experience in financial planning and analysis. Skilled in bookkeeping, and GAAP. Proven track record of delivering measurable results for cross-functional teams.","Financial Analyst needed at a growing technology company. Required skills: financial modeling, Excel, forecasting, valuation, budgeting, and SQL. The ideal candidate has 4+ years of experience in financial planning and analysis and a strong ability to work independently as well as within a team. Responsibilities include applying financial modeling to solve real business problems. Competitive salary, remote-friendly, and strong growth opportunities are offered.",0.5,medium
"Digital Marketing Specialist with 6 years of experience in digital marketing and brand growth. Skilled in SEO, Google Ads, content strategy, social media marketing, and analytics. Proven track record of delivering measurable results for cross-functional teams.","Digital Marketing Specialist needed at a growing enterprise firm. Required skills: SEO, Google Ads, content strategy, and social media marketing. The ideal candidate has 4+ years of experience in digital marketing and brand growth.",0.92,high
"Operations Manager with 4 years of experience in operations and process management. Skilled in process improvement, supply chain, team leadership, and budgeting. Proven track record of delivering measurable results and collaborating with cross-functional teams. Seeking a role where I can apply my expertise in process improvement and continue growing professionally. Strong communicator with a history of mentoring junior team members.","Operations Manager needed at a growing consulting agency. Required skills: process improvement, supply chain, and team leadership.",0.91,high
"Product Manager with 2 years of experience in product strategy and cross-functional delivery. Skilled in roadmapping, Agile, stakeholder management, and user research. Proven track record of delivering measurable results and collaborating with cross-functional teams. Holds relevant certifications and has led multiple successful projects from planning through delivery. Seeking a role where I can apply my expertise in roadmapping and continue growing professionally as part of a driven team.","Product Manager needed at a growing SaaS company. Required skills: roadmapping, Agile, stakeholder management, and user research. The ideal candidate has 1+ years of experience in product strategy and cross-functional delivery and a strong ability to work independently as well as within a team. Responsibilities include applying roadmapping to solve real business problems. Competitive salary, remote-friendly, and strong growth opportunities are offered.",0.89,high
"Operations Manager with 8 years of experience in operations and process management. Skilled in process improvement, and supply chain. Proven track record of delivering measurable results and collaborating with cross-functional teams. Holds relevant certifications and has led multiple successful projects from planning through delivery. Seeking a role where I can apply my expertise in process improvement and continue growing professionally as part of a driven team.","Operations Manager needed at a growing startup. Required skills: process improvement, supply chain, team leadership, and budgeting. The ideal candidate has 7+ years of experience in operations and process management.",0.57,medium
"Product Manager with 3 years of experience in product strategy and cross-functional delivery. Skilled in roadmapping, Agile, stakeholder management, user research, A/B testing, and JIRA. Proven track record of delivering measurable results and collaborating with cross-functional teams. Seeking a role where I can apply my expertise in roadmapping and continue growing professionally. Strong communicator with a history of mentoring junior team members.","Product Manager needed at a growing consulting agency. Required skills: roadmapping, Agile, stakeholder management, user research, and A/B testing. The ideal candidate has 1+ years of experience in product strategy and cross-functional delivery and a strong ability to work independently as well as within a team. Responsibilities include applying roadmapping to solve real business problems. Competitive salary, remote-friendly, and strong growth opportunities are offered.",0.87,high
"Accountant with 7 years of experience. Skilled in bookkeeping, GAAP, and tax preparation. Looking for a bookkeeping focused role.","Accountant needed at a growing financial services company. Required skills: bookkeeping, GAAP, and tax preparation. The ideal candidate has 5+ years of experience in financial planning and analysis.",0.95,high
"Operations Manager with 6 years of experience in operations and process management. Skilled in process improvement, supply chain, team leadership, and budgeting. Proven track record of delivering measurable results for cross-functional teams.","Graphic Designer needed at a growing hospital network. Required skills: Adobe Photoshop, Illustrator, branding, typography, layout design, and InDesign. The ideal candidate has 4+ years of experience in user experience and visual design and a strong ability to work independently as well as within a team. Responsibilities include applying Adobe Photoshop to solve real business problems. Competitive salary, remote-friendly, and strong growth opportunities are offered.",0.09,low
"Machine Learning Engineer with 8 years of experience in data analysis and reporting. Skilled in Python, and TensorFlow. Proven track record of delivering measurable results and collaborating with cross-functional teams. Holds relevant certifications and has led multiple successful projects from planning through delivery. Seeking a role where I can apply my expertise in Python and continue growing professionally as part of a driven team.","Backend Engineer needed at a growing hospital network. Required skills: Python, FastAPI, PostgreSQL, REST APIs, and Docker. The ideal candidate has 2+ years of experience in software engineering and application development and a strong ability to work independently as well as within a team. Responsibilities include applying Python to solve real business problems.",0.12,low
"UX Designer with 2 years of experience in user experience and visual design. Skilled in Figma, wireframing, and user research. Proven track record of delivering measurable results for cross-functional teams.","UX Designer needed at a growing technology company. Required skills: Figma, wireframing, user research, and prototyping. The ideal candidate has 1+ years of experience in user experience and visual design and a strong ability to work independently as well as within a team. Responsibilities include applying Figma to solve real business problems.",0.87,high
"Full Stack Developer with 3 years of experience in software engineering and application development. Skilled in React, Node.js, JavaScript, MongoDB, and REST APIs. Proven track record of delivering measurable results and collaborating with cross-functional teams. Seeking a role where I can apply my expertise in React and continue growing professionally. Strong communicator with a history of mentoring junior team members.","Backend Engineer needed at a growing financial services company. Required skills: Python, FastAPI, PostgreSQL, and REST APIs. The ideal candidate has 2+ years of experience in software engineering and application development and a strong ability to work independently as well as within a team. Responsibilities include applying Python to solve real business problems. Competitive salary, remote-friendly, and strong growth opportunities are offered.",0.49,medium
"Accountant with 2 years of experience in financial planning and analysis. Skilled in bookkeeping, GAAP, and tax preparation. Proven track record of delivering measurable results and collaborating with cross-functional teams. Holds relevant certifications and has led multiple successful projects from planning through delivery. Seeking a role where I can apply my expertise in bookkeeping and continue growing professionally as part of a driven team.","Accountant needed at a growing technology company. Required skills: bookkeeping, GAAP, tax preparation, and QuickBooks. The ideal candidate has 1+ years of experience in financial planning and analysis and a strong ability to work independently as well as within a team. Responsibilities include applying bookkeeping to solve real business problems. Competitive salary, remote-friendly, and strong growth opportunities are offered.",0.9,high
"Healthcare Analyst with 10 years of experience in healthcare data management. Skilled in SQL, and healthcare informatics. Proven track record of delivering measurable results and collaborating with cross-functional teams. Holds relevant certifications and has led multiple successful projects from planning through delivery. Seeking a role where I can apply my expertise in SQL and continue growing professionally as part of a driven team.","Healthcare Analyst needed at a growing e-commerce platform. Required skills: SQL, healthcare informatics, HIPAA compliance, Tableau, clinical data, and statistics.",0.49,medium
"Financial Analyst with 1 years of experience in financial planning and analysis. Skilled in financial modeling, Excel, forecasting, and valuation. Proven track record of delivering measurable results and collaborating with cross-functional teams. Holds relevant certifications and has led multiple successful projects from planning through delivery. Seeking a role where I can apply my expertise in financial modeling and continue growing professionally as part of a driven team.","Financial Analyst needed at a growing e-commerce platform. Required skills: financial modeling, Excel, forecasting, valuation, and budgeting. The ideal candidate has 1+ years of experience in financial planning and analysis.",0.93,high
"Full Stack Developer with 3 years of experience in software engineering and application development. Skilled in React, Node.js, JavaScript, MongoDB, and REST APIs. Proven track record of delivering measurable results and collaborating with cross-functional teams. Seeking a role where I can apply my expertise in React and continue growing professionally. Strong communicator with a history of mentoring junior team members.","QA Engineer needed at a growing consulting agency. Required skills: test automation, Selenium, manual testing, bug tracking, regression testing, and API testing. The ideal candidate has 2+ years of experience in software engineering and application development and a strong ability to work independently as well as within a team. Responsibilities include applying test automation to solve real business problems.",0.45,medium
"Data Scientist with 3 years of experience. Skilled in Python, machine learning, and pandas. Looking for a Python focused role.","Data Scientist needed at a growing enterprise firm. Required skills: Python, machine learning, pandas, statistics, SQL, and data storytelling. The ideal candidate has 1+ years of experience in data analysis and reporting and a strong ability to work independently as well as within a team. Responsibilities include applying Python to solve real business problems.",0.88,high
"Digital Marketing Specialist with 7 years of experience in digital marketing and brand growth. Skilled in SEO, Google Ads, content strategy, social media marketing, and analytics. Proven track record of delivering measurable results and collaborating with cross-functional teams. Holds relevant certifications and has led multiple successful projects from planning through delivery. Seeking a role where I can apply my expertise in SEO and continue growing professionally as part of a driven team.","Content Writer needed at a growing technology company. Required skills: SEO writing, copywriting, content strategy, editing, WordPress, and research. The ideal candidate has 6+ years of experience in digital marketing and brand growth.",0.44,medium
"Digital Marketing Specialist with 2 years of experience. Skilled in SEO, Google Ads, content strategy, social media marketing, and analytics. Looking for a SEO focused role.","Content Writer needed at a growing SaaS company. Required skills: SEO writing, copywriting, content strategy, editing, and WordPress. The ideal candidate has 1+ years of experience in digital marketing and brand growth and a strong ability to work independently as well as within a team. Responsibilities include applying SEO writing to solve real business problems.",0.54,medium
"Data Scientist with 3 years of experience in data analysis and reporting. Skilled in Python, machine learning, pandas, and statistics. Proven track record of delivering measurable results and collaborating with cross-functional teams. Seeking a role where I can apply my expertise in Python and continue growing professionally. Strong communicator with a history of mentoring junior team members.","Machine Learning Engineer needed at a growing SaaS company. Required skills: Python, TensorFlow, PyTorch, model deployment, and scikit-learn. The ideal candidate has 2+ years of experience in data analysis and reporting and a strong ability to work independently as well as within a team. Responsibilities include applying Python to solve real business problems. Competitive salary, remote-friendly, and strong growth opportunities are offered.",0.42,medium
"Content Writer with 7 years of experience in digital marketing and brand growth. Skilled in SEO writing, copywriting, and content strategy. Proven track record of delivering measurable results for cross-functional teams.","Business Analyst needed at a growing e-commerce platform. Required skills: requirements gathering, SQL, and process mapping. The ideal candidate has 10+ years of experience in product strategy and cross-functional delivery and a strong ability to work independently as well as within a team. Responsibilities include applying requirements gathering to solve real business problems.",0.11,low
"Network Engineer with 8 years of experience in information security and risk management. Skilled in Cisco, routing and switching, and network troubleshooting. Proven track record of delivering measurable results and collaborating with cross-functional teams. Seeking a role where I can apply my expertise in Cisco and continue growing professionally. Strong communicator with a history of mentoring junior team members.","Network Engineer needed at a growing enterprise firm. Required skills: Cisco, routing and switching, network troubleshooting, VPN, firewalls, and TCP/IP.",0.9,high
"Business Analyst with 10 years of experience in product strategy and cross-functional delivery. Skilled in requirements gathering, SQL, and process mapping. Proven track record of delivering measurable results for cross-functional teams.","Cloud Architect needed at a growing hospital network. Required skills: AWS, Azure, and cloud migration. The ideal candidate has 7+ years of experience in software engineering and application development and a strong ability to work independently as well as within a team. Responsibilities include applying AWS to solve real business problems. Competitive salary, remote-friendly, and strong growth opportunities are offered.",0.14,low
"Cloud Architect with 6 years of experience in software engineering and application development. Skilled in AWS, Azure, and cloud migration. Proven track record of delivering measurable results and collaborating with cross-functional teams. Seeking a role where I can apply my expertise in AWS and continue growing professionally. Strong communicator with a history of mentoring junior team members.","Cloud Architect needed at a growing startup. Required skills: AWS, Azure, cloud migration, infrastructure as code, and cost optimization. The ideal candidate has 4+ years of experience in software engineering and application development.",0.89,high
"UX Designer with 1 years of experience in user experience and visual design. Skilled in Figma, wireframing, user research, prototyping, and usability testing. Proven track record of delivering measurable results and collaborating with cross-functional teams. Seeking a role where I can apply my expertise in Figma and continue growing professionally. Strong communicator with a history of mentoring junior team members.","Graphic Designer needed at a growing technology company. Required skills: Adobe Photoshop, Illustrator, branding, typography, layout design, and InDesign. The ideal candidate has 1+ years of experience in user experience and visual design and a strong ability to work independently as well as within a team. Responsibilities include applying Adobe Photoshop to solve real business problems. Competitive salary, remote-friendly, and strong growth opportunities are offered.",0.56,medium
"Cloud Architect with 2 years of experience in software engineering and application development. Skilled in AWS, Azure, cloud migration, infrastructure as code, cost optimization, and security architecture. Proven track record of delivering measurable results and collaborating with cross-functional teams. Holds relevant certifications and has led multiple successful projects from planning through delivery. Seeking a role where I can apply my expertise in AWS and continue growing professionally as part of a driven team.","Cloud Architect needed at a growing e-commerce platform. Required skills: AWS, Azure, cloud migration, infrastructure as code, cost optimization, and security architecture. The ideal candidate has 1+ years of experience in software engineering and application development.",0.9,high
"Graphic Designer with 2 years of experience in user experience and visual design. Skilled in Adobe Photoshop, Illustrator, and branding. Proven track record of delivering measurable results and collaborating with cross-functional teams. Seeking a role where I can apply my expertise in Adobe Photoshop and continue growing professionally. Strong communicator with a history of mentoring junior team members.","UX Designer needed at a growing hospital network. Required skills: Figma, wireframing, user research, and prototyping.",0.51,medium
"QA Engineer with 1 years of experience in software engineering and application development. Skilled in test automation, Selenium, manual testing, and bug tracking. Proven track record of delivering measurable results for cross-functional teams.","QA Engineer needed at a growing startup. Required skills: test automation, Selenium, manual testing, bug tracking, regression testing, and API testing. The ideal candidate has 1+ years of experience in software engineering and application development and a strong ability to work independently as well as within a team. Responsibilities include applying test automation to solve real business problems.",0.86,high
"Content Writer with 10 years of experience in digital marketing and brand growth. Skilled in SEO writing, copywriting, and content strategy. Proven track record of delivering measurable results for cross-functional teams.","Content Writer needed at a growing SaaS company. Required skills: SEO writing, copywriting, content strategy, and editing. The ideal candidate has 8+ years of experience in digital marketing and brand growth and a strong ability to work independently as well as within a team. Responsibilities include applying SEO writing to solve real business problems. Competitive salary, remote-friendly, and strong growth opportunities are offered.",-0.05,high
"Business Analyst with 7 years of experience in product strategy and cross-functional delivery. Skilled in requirements gathering, SQL, and process mapping. Proven track record of delivering measurable results for cross-functional teams.",,0.55,medium
"Operations Manager with 5 years of experience in operations and process management. Skilled in process improvement, supply chain, team leadership, budgeting, vendor management, and logistics. Proven track record of delivering measurable results and collaborating with cross-functional teams. Holds relevant certifications and has led multiple successful projects from planning through delivery. Seeking a role where I can apply my expertise in process improvement and continue growing professionally as part of a driven team.","Operations Manager needed at a growing healthcare organization. Required skills: process improvement, supply chain, team leadership, budgeting, vendor management, and logistics. The ideal candidate has 3+ years of experience in operations and process management.",0.9,high
"DevOps Engineer with 6 years of experience in software engineering and application development. Skilled in Docker, Kubernetes, CI/CD, and AWS. Proven track record of delivering measurable results for cross-functional teams.","DevOps Engineer needed at a growing consulting agency. Required skills: Docker, Kubernetes, and CI/CD. The ideal candidate has 4+ years of experience in software engineering and application development and a strong ability to work independently as well as within a team. Responsibilities include applying Docker to solve real business problems.",0.9,high
"Operations Manager with 5 years of experience in operations and process management. Skilled in process improvement, supply chain, team leadership, and budgeting. Proven track record of delivering measurable results and collaborating with cross-functional teams. Seeking a role where I can apply my expertise in process improvement and continue growing professionally. Strong communicator with a history of mentoring junior team members.","Operations Manager needed at a growing startup. Required skills: process improvement, supply chain, team leadership, and budgeting. The ideal candidate has 4+ years of experience in operations and process management and a strong ability to work independently as well as within a team. Responsibilities include applying process improvement to solve real business problems.",0.53,medium
"Data Scientist with 10 years of experience in data analysis and reporting. Skilled in Python, and machine learning. Proven track record of delivering measurable results and collaborating with cross-functional teams. Seeking a role where I can apply my expertise in Python and continue growing professionally. Strong communicator with a history of mentoring junior team members.","Data Analyst needed at a growing healthcare organization. Required skills: SQL, Python, Power BI, and Excel. The ideal candidate has 9+ years of experience in data analysis and reporting and a strong ability to work independently as well as within a team. Responsibilities include applying SQL to solve real business problems.",0.53,medium
"Data Analyst with 5 years of experience in data analysis and reporting. Skilled in SQL, Python, and Power BI. Proven track record of delivering measurable results and collaborating with cross-functional teams. Seeking a role where I can apply my expertise in SQL and continue growing professionally. Strong communicator with a history of mentoring junior team members.","Data Analyst needed at a growing startup. Required skills: SQL, Python, Power BI, and Excel. The ideal candidate has 3+ years of experience in data analysis and reporting and a strong ability to work independently as well as within a team. Responsibilities include applying SQL to solve real business problems.",0.87,high
"Data Analyst with 6 years of experience in data analysis and reporting. Skilled in SQL, Python, and Power BI. Proven track record of delivering measurable results and collaborating with cross-functional teams. Seeking a role where I can apply my expertise in SQL and continue growing professionally. Strong communicator with a history of mentoring junior team members.","Data Analyst needed at a growing enterprise firm. Required skills: SQL, Python, Power BI, Excel, data visualization, and statistics. The ideal candidate has 4+ years of experience in data analysis and reporting.",0.94,high
"Data Scientist with 10 years of experience in data analysis and reporting. Skilled in Python, machine learning, and pandas. Proven track record of delivering measurable results for cross-functional teams.","Data Scientist needed at a growing technology company. Required skills: Python, machine learning, and pandas. The ideal candidate has 8+ years of experience in data analysis and reporting and a strong ability to work independently as well as within a team. Responsibilities include applying Python to solve real business problems. Competitive salary, remote-friendly, and strong growth opportunities are offered.",0.9,high
"Data Scientist with 6 years of experience in data analysis and reporting. Skilled in Python, machine learning, pandas, statistics, SQL, and data storytelling. Proven track record of delivering measurable results for cross-functional teams.","Data Scientist needed at a growing e-commerce platform. Required skills: Python, machine learning, pandas, statistics, and SQL. The ideal candidate has 4+ years of experience in data analysis and reporting and a strong ability to work independently as well as within a team. Responsibilities include applying Python to solve real business problems.",0.91,high
"HR Manager with 3 years of experience in human resources and talent management. Skilled in recruitment, employee relations, HRIS, and onboarding. Proven track record of delivering measurable results and collaborating with cross-functional teams. Seeking a role where I can apply my expertise in recruitment and continue growing professionally. Strong communicator with a history of mentoring junior team members.","HR Manager needed at a growing healthcare organization. Required skills: recruitment, employee relations, HRIS, and onboarding. The ideal candidate has 1+ years of experience in human resources and talent management and a strong ability to work independently as well as within a team. Responsibilities include applying recruitment to solve real business problems. Competitive salary, remote-friendly, and strong growth opportunities are offered.",0.92,high
"Healthcare Analyst with 2 years of experience in healthcare data management. Skilled in SQL, healthcare informatics, and HIPAA compliance. Proven track record of delivering measurable results and collaborating with cross-functional teams. Holds relevant certifications and has led multiple successful projects from planning through delivery. Seeking a role where I can apply my expertise in SQL and continue growing professionally as part of a driven team.","Healthcare Analyst needed at a growing healthcare organization. Required skills: SQL, healthcare informatics, and HIPAA compliance. The ideal candidate has 1+ years of experience in healthcare data management and a strong ability to work independently as well as within a team. Responsibilities include applying SQL to solve real business problems. Competitive salary, remote-friendly, and strong growth opportunities are offered.",0.41,medium
"Graphic Designer with 4 years of experience in user experience and visual design. Skilled in Adobe Photoshop, Illustrator, branding, typography, and layout design. Proven track record of delivering measurable results and collaborating with cross-functional teams. Seeking a role where I can apply my expertise in Adobe Photoshop and continue growing professionally. Strong communicator with a history of mentoring junior team members.","Graphic Designer needed at a growing financial services company. Required skills: Adobe Photoshop, Illustrator, and branding. The ideal candidate has 2+ years of experience in user experience and visual design and a strong ability to work independently as well as within a team. Responsibilities include applying Adobe Photoshop to solve real business problems. Competitive salary, remote-friendly, and strong growth opportunities are offered.",0.92,high
"Full Stack Developer with 6 years of experience in software engineering and application development. Skilled in React, Node.js, JavaScript, MongoDB, REST APIs, and Git. Proven track record of delivering measurable results and collaborating with cross-functional teams. Seeking a role where I can apply my expertise in React and continue growing professionally. Strong communicator with a history of mentoring junior team members.","Full Stack Developer needed at a growing startup. Required skills: React, Node.js, JavaScript, MongoDB, REST APIs, and Git. The ideal candidate has 4+ years of experience in software engineering and application development and a strong ability to work independently as well as within a team. Responsibilities include applying React to solve real business problems. Competitive salary, remote-friendly, and strong growth opportunities are offered.",0.95,high
"Accountant with 5 years of experience in financial planning and analysis. Skilled in bookkeeping, GAAP, and tax preparation. Proven track record of delivering measurable results and collaborating with cross-functional teams. Holds relevant certifications and has led multiple successful projects from planning through delivery. Seeking a role where I can apply my expertise in bookkeeping and continue growing professionally as part of a driven team.","Cybersecurity Analyst needed at a growing SaaS company. Required skills: SIEM, penetration testing, network security, and incident response. The ideal candidate has 10+ years of experience in information security and risk management.",0.09,low
"Operations Manager with 7 years of experience in operations and process management. Skilled in process improvement, supply chain, and team leadership. Proven track record of delivering measurable results and collaborating with cross-functional teams. Holds relevant certifications and has led multiple successful projects from planning through delivery. Seeking a role where I can apply my expertise in process improvement and continue growing professionally as part of a driven team.","Operations Manager needed at a growing technology company. Required skills: process improvement, supply chain, team leadership, and budgeting. The ideal candidate has 5+ years of experience in operations and process management.",0.91,HIGH
"Business Analyst with 8 years of experience in product strategy and cross-functional delivery. Skilled in requirements gathering, SQL, process mapping, stakeholder communication, and Excel. Proven track record of delivering measurable results for cross-functional teams.","Healthcare Analyst needed at a growing SaaS company. Required skills: SQL, healthcare informatics, and HIPAA compliance. The ideal candidate has 5+ years of experience in healthcare data management.",0.09,low
"Backend Engineer with 2 years of experience in software engineering and application development. Skilled in Python, FastAPI, and PostgreSQL. Proven track record of delivering measurable results and collaborating with cross-functional teams. Seeking a role where I can apply my expertise in Python and continue growing professionally. Strong communicator with a history of mentoring junior team members.","Backend Engineer needed at a growing e-commerce platform. Required skills: Python, FastAPI, PostgreSQL, REST APIs, and Docker. The ideal candidate has 1+ years of experience in software engineering and application development.",0.9,high
"Product Manager with 5 years of experience in product strategy and cross-functional delivery. Skilled in roadmapping, Agile, and stakeholder management. Proven track record of delivering measurable results and collaborating with cross-functional teams. Holds relevant certifications and has led multiple successful projects from planning through delivery. Seeking a role where I can apply my expertise in roadmapping and continue growing professionally as part of a driven team.","Product Manager needed at a growing financial services company. Required skills: roadmapping, Agile, stakeholder management, user research, A/B testing, and JIRA. The ideal candidate has 3+ years of experience in product strategy and cross-functional delivery and a strong ability to work independently as well as within a team. Responsibilities include applying roadmapping to solve real business problems.",0.94,high
"Business Analyst with 5 years of experience in product strategy and cross-functional delivery. Skilled in requirements gathering, SQL, process mapping, and stakeholder communication. Proven track record of delivering measurable results and collaborating with cross-functional teams. Seeking a role where I can apply my expertise in requirements gathering and continue growing professionally. Strong communicator with a history of mentoring junior team members.","Business Analyst needed at a growing technology company. Required skills: requirements gathering, SQL, process mapping, stakeholder communication, and Excel. The ideal candidate has 3+ years of experience in product strategy and cross-functional delivery and a strong ability to work independently as well as within a team. Responsibilities include applying requirements gathering to solve real business problems.",0.89,high
"UX Designer with 10 years of experience in user experience and visual design. Skilled in Figma, wireframing, and user research. Proven track record of delivering measurable results and collaborating with cross-functional teams. Seeking a role where I can apply my expertise in Figma and continue growing professionally. Strong communicator with a history of mentoring junior team members.","Full Stack Developer needed at a growing technology company. Required skills: React, Node.js, JavaScript, and MongoDB.",0.07,low
"Content Writer with 5 years of experience in digital marketing and brand growth. Skilled in SEO writing, copywriting, content strategy, editing, WordPress, and research. Proven track record of delivering measurable results and collaborating with cross-functional teams. Holds relevant certifications and has led multiple successful projects from planning through delivery. Seeking a role where I can apply my expertise in SEO writing and continue growing professionally as part of a driven team.","Content Writer needed at a growing e-commerce platform. Required skills: SEO writing, copywriting, content strategy, and editing. The ideal candidate has 3+ years of experience in digital marketing and brand growth.",0.87,high
"Business Analyst with 2 years of experience in product strategy and cross-functional delivery. Skilled in requirements gathering, SQL, process mapping, and stakeholder communication. Proven track record of delivering measurable results and collaborating with cross-functional teams. Seeking a role where I can apply my expertise in requirements gathering and continue growing professionally. Strong communicator with a history of mentoring junior team members.","Machine Learning Engineer needed at a growing startup. Required skills: Python, TensorFlow, and PyTorch. The ideal candidate has 1+ years of experience in data analysis and reporting and a strong ability to work independently as well as within a team. Responsibilities include applying Python to solve real business problems. Competitive salary, remote-friendly, and strong growth opportunities are offered.",0.07,low
"Machine Learning Engineer with 7 years of experience in data analysis and reporting. Skilled in Python, and TensorFlow. Proven track record of delivering measurable results for cross-functional teams.","Operations Manager needed at a growing SaaS company. Required skills: process improvement, supply chain, team leadership, budgeting, and vendor management.",0.09,low
"Machine Learning Engineer with 3 years of experience in data analysis and reporting. Skilled in Python, TensorFlow, PyTorch, model deployment, and scikit-learn. Proven track record of delivering measurable results for cross-functional teams.","Machine Learning Engineer needed at a growing financial services company. Required skills: Python, TensorFlow, PyTorch, and model deployment. The ideal candidate has 1+ years of experience in data analysis and reporting.",0.89,high
"Cybersecurity Analyst with 1 years of experience in information security and risk management. Skilled in SIEM, penetration testing, network security, incident response, and firewalls. Proven track record of delivering measurable results for cross-functional teams.","Network Engineer needed at a growing startup. Required skills: Cisco, routing and switching, and network troubleshooting. The ideal candidate has 1+ years of experience in information security and risk management.",0.49,medium
"Mobile App Developer with 8 years of experience in software engineering and application development. Skilled in Flutter, Kotlin, Swift, REST APIs, and mobile UI design. Proven track record of delivering measurable results and collaborating with cross-functional teams. Seeking a role where I can apply my expertise in Flutter and continue growing professionally. Strong communicator with a history of mentoring junior team members.","Mobile App Developer needed at a growing financial services company. Required skills: Flutter, Kotlin, Swift, REST APIs, mobile UI design, and Firebase. The ideal candidate has 6+ years of experience in software engineering and application development.",0.86,high
"Full Stack Developer with 10 years of experience. Skilled in React, Node.js, JavaScript, and MongoDB. Looking for a React focused role.","Machine Learning Engineer needed at a growing enterprise firm. Required skills: Python, TensorFlow, and PyTorch. The ideal candidate has 6+ years of experience in data analysis and reporting.",0.09,low
"Product Manager with 8 years of experience. Skilled in roadmapping, Agile, stakeholder management, user research, and A/B testing. Looking for a roadmapping focused role.","Business Analyst needed at a growing financial services company. Required skills: requirements gathering, SQL, and process mapping.",0.41,medium
"HR Manager with 3 years of experience in human resources and talent management. Skilled in recruitment, employee relations, and HRIS. Proven track record of delivering measurable results for cross-functional teams.","Operations Manager needed at a growing financial services company. Required skills: process improvement, supply chain, team leadership, budgeting, vendor management, and logistics. The ideal candidate has 10+ years of experience in operations and process management.",0.92,low
"Cybersecurity Analyst with 7 years of experience in information security and risk management. Skilled in SIEM, penetration testing, network security, incident response, and firewalls. Proven track record of delivering measurable results and collaborating with cross-functional teams. Seeking a role where I can apply my expertise in SIEM and continue growing professionally. Strong communicator with a history of mentoring junior team members.","Network Engineer needed at a growing SaaS company. Required skills: Cisco, routing and switching, network troubleshooting, VPN, and firewalls. The ideal candidate has 6+ years of experience in information security and risk management and a strong ability to work independently as well as within a team. Responsibilities include applying Cisco to solve real business problems. Competitive salary, remote-friendly, and strong growth opportunities are offered.",0.54,medium
"Digital Marketing Specialist with 4 years of experience in digital marketing and brand growth. Skilled in SEO, Google Ads, content strategy, social media marketing, and analytics. Proven track record of delivering measurable results and collaborating with cross-functional teams. Holds relevant certifications and has led multiple successful projects from planning through delivery. Seeking a role where I can apply my expertise in SEO and continue growing professionally as part of a driven team.","Product Manager needed at a growing healthcare organization. Required skills: roadmapping, Agile, stakeholder management, user research, A/B testing, and JIRA. The ideal candidate has 3+ years of experience in product strategy and cross-functional delivery and a strong ability to work independently as well as within a team. Responsibilities include applying roadmapping to solve real business problems. Competitive salary, remote-friendly, and strong growth opportunities are offered.",0.12,low
"Accountant with 2 years of experience in financial planning and analysis. Skilled in bookkeeping, and GAAP. Proven track record of delivering measurable results for cross-functional teams.","Data Analyst needed at a growing e-commerce platform. Required skills: SQL, Python, and Power BI. The ideal candidate has 4+ years of experience in data analysis and reporting and a strong ability to work independently as well as within a team. Responsibilities include applying SQL to solve real business problems. Competitive salary, remote-friendly, and strong growth opportunities are offered.",0.09,low
"Graphic Designer with 8 years of experience in user experience and visual design. Skilled in Adobe Photoshop, Illustrator, branding, typography, and layout design. Proven track record of delivering measurable results for cross-functional teams.","UX Designer needed at a growing consulting agency. Required skills: Figma, wireframing, user research, prototyping, and usability testing. The ideal candidate has 7+ years of experience in user experience and visual design and a strong ability to work independently as well as within a team. Responsibilities include applying Figma to solve real business problems. Competitive salary, remote-friendly, and strong growth opportunities are offered.",0.43,medium
"Sales Manager with 1 years of experience in business development and client relationship management. Skilled in B2B sales, CRM, and lead generation. Proven track record of delivering measurable results and collaborating with cross-functional teams. Seeking a role where I can apply my expertise in B2B sales and continue growing professionally. Strong communicator with a history of mentoring junior team members.","DevOps Engineer needed at a growing hospital network. Required skills: Docker, Kubernetes, and CI/CD. The ideal candidate has 3+ years of experience in software engineering and application development and a strong ability to work independently as well as within a team. Responsibilities include applying Docker to solve real business problems. Competitive salary, remote-friendly, and strong growth opportunities are offered.",0.88,low
"Business Analyst with 5 years of experience in product strategy and cross-functional delivery. Skilled in requirements gathering, SQL, and process mapping. Proven track record of delivering measurable results and collaborating with cross-functional teams. Holds relevant certifications and has led multiple successful projects from planning through delivery. Seeking a role where I can apply my expertise in requirements gathering and continue growing professionally as part of a driven team.","Product Manager needed at a growing healthcare organization. Required skills: roadmapping, Agile, and stakeholder management. The ideal candidate has 4+ years of experience in product strategy and cross-functional delivery.",0.47,medium
"QA Engineer with 4 years of experience in software engineering and application development. Skilled in test automation, Selenium, manual testing, and bug tracking. Proven track record of delivering measurable results and collaborating with cross-functional teams. Seeking a role where I can apply my expertise in test automation and continue growing professionally. Strong communicator with a history of mentoring junior team members.","Full Stack Developer needed at a growing hospital network. Required skills: React, Node.js, JavaScript, MongoDB, REST APIs, and Git. The ideal candidate has 3+ years of experience in software engineering and application development.",0.54,medium
"Mobile App Developer with 5 years of experience in software engineering and application development. Skilled in Flutter, Kotlin, Swift, REST APIs, and mobile UI design. Proven track record of delivering measurable results and collaborating with cross-functional teams. Seeking a role where I can apply my expertise in Flutter and continue growing professionally. Strong communicator with a history of mentoring junior team members.","Mobile App Developer needed at a growing financial services company. Required skills: Flutter, Kotlin, and Swift.",0.88,high
"UX Designer with 10 years of experience in user experience and visual design. Skilled in Figma, wireframing, user research, prototyping, and usability testing. Proven track record of delivering measurable results and collaborating with cross-functional teams. Seeking a role where I can apply my expertise in Figma and continue growing professionally. Strong communicator with a history of mentoring junior team members.","Graphic Designer needed at a growing e-commerce platform. Required skills: Adobe Photoshop, Illustrator, branding, and typography. The ideal candidate has 9+ years of experience in user experience and visual design and a strong ability to work independently as well as within a team. Responsibilities include applying Adobe Photoshop to solve real business problems. Competitive salary, remote-friendly, and strong growth opportunities are offered.",0.44,medium
"Graphic Designer with 10 years of experience in user experience and visual design. Skilled in Adobe Photoshop, Illustrator, branding, and typography. Proven track record of delivering measurable results and collaborating with cross-functional teams. Holds relevant certifications and has led multiple successful projects from planning through delivery. Seeking a role where I can apply my expertise in Adobe Photoshop and continue growing professionally as part of a driven team.","Healthcare Analyst needed at a growing e-commerce platform. Required skills: SQL, healthcare informatics, and HIPAA compliance. The ideal candidate has 8+ years of experience in healthcare data management and a strong ability to work independently as well as within a team. Responsibilities include applying SQL to solve real business problems. Competitive salary, remote-friendly, and strong growth opportunities are offered.",0.1,low
"Sales Manager with 6 years of experience in business development and client relationship management. Skilled in B2B sales, CRM, and lead generation. Proven track record of delivering measurable results and collaborating with cross-functional teams. Holds relevant certifications and has led multiple successful projects from planning through delivery. Seeking a role where I can apply my expertise in B2B sales and continue growing professionally as part of a driven team.","Sales Manager needed at a growing SaaS company. Required skills: B2B sales, CRM, lead generation, and negotiation. The ideal candidate has 5+ years of experience in business development and client relationship management and a strong ability to work independently as well as within a team. Responsibilities include applying B2B sales to solve real business problems. Competitive salary, remote-friendly, and strong growth opportunities are offered.",0.5,medium
"Business Analyst with 8 years of experience in product strategy and cross-functional delivery. Skilled in requirements gathering, SQL, process mapping, stakeholder communication, and Excel. Proven track record of delivering measurable results and collaborating with cross-functional teams. Seeking a role where I can apply my expertise in requirements gathering and continue growing professionally. Strong communicator with a history of mentoring junior team members.","Business Analyst needed at a growing e-commerce platform. Required skills: requirements gathering, SQL, process mapping, and stakeholder communication. The ideal candidate has 6+ years of experience in product strategy and cross-functional delivery.",0.95,high
"Graphic Designer with 6 years of experience in user experience and visual design. Skilled in Adobe Photoshop, Illustrator, branding, and typography. Proven track record of delivering measurable results and collaborating with cross-functional teams. Seeking a role where I can apply my expertise in Adobe Photoshop and continue growing professionally. Strong communicator with a history of mentoring junior team members.","Business Analyst needed at a growing hospital network. Required skills: requirements gathering, SQL, process mapping, stakeholder communication, Excel, and Agile. The ideal candidate has 8+ years of experience in product strategy and cross-functional delivery.",0.15,low
"Graphic Designer with 3 years of experience in user experience and visual design. Skilled in Adobe Photoshop, Illustrator, branding, typography, and layout design. Proven track record of delivering measurable results for cross-functional teams.","Graphic Designer needed at a growing technology company. Required skills: Adobe Photoshop, Illustrator, branding, typography, and layout design. The ideal candidate has 1+ years of experience in user experience and visual design and a strong ability to work independently as well as within a team. Responsibilities include applying Adobe Photoshop to solve real business problems. Competitive salary, remote-friendly, and strong growth opportunities are offered.",0.89,high
"Cybersecurity Analyst with 1 years of experience. Skilled in SIEM, penetration testing, network security, and incident response. Looking for a SIEM focused role.","Graphic Designer needed at a growing technology company. Required skills: Adobe Photoshop, Illustrator, branding, typography, and layout design. The ideal candidate has 1+ years of experience in user experience and visual design and a strong ability to work independently as well as within a team. Responsibilities include applying Adobe Photoshop to solve real business problems.",0.12,low
"Product Manager with 5 years of experience in product strategy and cross-functional delivery. Skilled in roadmapping, Agile, stakeholder management, user research, and A/B testing. Proven track record of delivering measurable results and collaborating with cross-functional teams. Holds relevant certifications and has led multiple successful projects from planning through delivery. Seeking a role where I can apply my expertise in roadmapping and continue growing professionally as part of a driven team.","Financial Analyst needed at a growing SaaS company. Required skills: financial modeling, Excel, and forecasting. The ideal candidate has 3+ years of experience in financial planning and analysis and a strong ability to work independently as well as within a team. Responsibilities include applying financial modeling to solve real business problems. Competitive salary, remote-friendly, and strong growth opportunities are offered.",0.06,low
"Digital Marketing Specialist with 2 years of experience in digital marketing and brand growth. Skilled in SEO, and Google Ads. Proven track record of delivering measurable results and collaborating with cross-functional teams. Seeking a role where I can apply my expertise in SEO and continue growing professionally. Strong communicator with a history of mentoring junior team members.","Data Scientist needed at a growing SaaS company. Required skills: Python, machine learning, pandas, and statistics. The ideal candidate has 8+ years of experience in data analysis and reporting and a strong ability to work independently as well as within a team. Responsibilities include applying Python to solve real business problems.",0.09,low
"HR Manager with 1 years of experience. Skilled in recruitment, employee relations, HRIS, and onboarding. Looking for a recruitment focused role.","Recruiter needed at a growing startup. Required skills: sourcing, ATS systems, interviewing, candidate screening, employer branding, and LinkedIn Recruiter. The ideal candidate has 1+ years of experience in human resources and talent management and a strong ability to work independently as well as within a team. Responsibilities include applying sourcing to solve real business problems.",0.44,medium
"HR Manager with 3 years of experience in human resources and talent management. Skilled in recruitment, employee relations, HRIS, and onboarding. Proven track record of delivering measurable results and collaborating with cross-functional teams. Seeking a role where I can apply my expertise in recruitment and continue growing professionally. Strong communicator with a history of mentoring junior team members.","Recruiter needed at a growing technology company. Required skills: sourcing, ATS systems, interviewing, candidate screening, employer branding, and LinkedIn Recruiter.",0.49,medium
"Network Engineer with 8 years of experience. Skilled in Cisco, routing and switching, and network troubleshooting. Looking for a Cisco focused role.","Cybersecurity Analyst needed at a growing consulting agency. Required skills: SIEM, penetration testing, and network security. The ideal candidate has 7+ years of experience in information security and risk management.",0.53,medium
"Machine Learning Engineer with 4 years of experience in data analysis and reporting. Skilled in Python, TensorFlow, PyTorch, model deployment, and scikit-learn. Proven track record of delivering measurable results and collaborating with cross-functional teams. Holds relevant certifications and has led multiple successful projects from planning through delivery. Seeking a role where I can apply my expertise in Python and continue growing professionally as part of a driven team.","Sales Manager needed at a growing technology company. Required skills: B2B sales, CRM, and lead generation. The ideal candidate has 2+ years of experience in business development and client relationship management and a strong ability to work independently as well as within a team. Responsibilities include applying B2B sales to solve real business problems.",0.07,low
"Backend Engineer with 5 years of experience in software engineering and application development. Skilled in Python, FastAPI, PostgreSQL, REST APIs, and Docker. Proven track record of delivering measurable results and collaborating with cross-functional teams. Seeking a role where I can apply my expertise in Python and continue growing professionally. Strong communicator with a history of mentoring junior team members.","Backend Engineer needed at a growing e-commerce platform. Required skills: Python, FastAPI, PostgreSQL, REST APIs, and Docker. The ideal candidate has 3+ years of experience in software engineering and application development.",0.91,high
"Content Writer with 1 years of experience in digital marketing and brand growth. Skilled in SEO writing, copywriting, content strategy, editing, and WordPress. Proven track record of delivering measurable results for cross-functional teams.","Content Writer needed at a growing consulting agency. Required skills: SEO writing, copywriting, content strategy, and editing. The ideal candidate has 1+ years of experience in digital marketing and brand growth.",0.87,high
"Content Writer with 3 years of experience in digital marketing and brand growth. Skilled in SEO writing, copywriting, content strategy, and editing. Proven track record of delivering measurable results and collaborating with cross-functional teams. Seeking a role where I can apply my expertise in SEO writing and continue growing professionally. Strong communicator with a history of mentoring junior team members.","Digital Marketing Specialist needed at a growing technology company. Required skills: SEO, Google Ads, content strategy, social media marketing, analytics, and email marketing. The ideal candidate has 2+ years of experience in digital marketing and brand growth and a strong ability to work independently as well as within a team. Responsibilities include applying SEO to solve real business problems. Competitive salary, remote-friendly, and strong growth opportunities are offered.",0.43,medium
"HR Manager with 7 years of experience in human resources and talent management. Skilled in recruitment, employee relations, HRIS, onboarding, and performance management. Proven track record of delivering measurable results and collaborating with cross-functional teams. Seeking a role where I can apply my expertise in recruitment and continue growing professionally. Strong communicator with a history of mentoring junior team members.","Recruiter needed at a growing hospital network. Required skills: sourcing, ATS systems, interviewing, and candidate screening.",0.92,medium
"Data Analyst with 2 years of experience in data analysis and reporting. Skilled in SQL, Python, Power BI, Excel, data visualization, and statistics. Proven track record of delivering measurable results and collaborating with cross-functional teams. Holds relevant certifications and has led multiple successful projects from planning through delivery. Seeking a role where I can apply my expertise in SQL and continue growing professionally as part of a driven team.","Data Analyst needed at a growing financial services company. Required skills: SQL, Python, Power BI, Excel, data visualization, and statistics. The ideal candidate has 1+ years of experience in data analysis and reporting.",1.5,high
"Data Analyst with 10 years of experience in data analysis and reporting. Skilled in SQL, Python, Power BI, and Excel. Proven track record of delivering measurable results for cross-functional teams.","Network Engineer needed at a growing startup. Required skills: Cisco, routing and switching, network troubleshooting, VPN, firewalls, and TCP/IP. The ideal candidate has 4+ years of experience in information security and risk management.",0.15,low
"Financial Analyst with 4 years of experience in financial planning and analysis. Skilled in financial modeling, Excel, and forecasting. Proven track record of delivering measurable results for cross-functional teams.","Cybersecurity Analyst needed at a growing hospital network. Required skills: SIEM, penetration testing, and network security. The ideal candidate has 2+ years of experience in information security and risk management.",0.09,low
"DevOps Engineer with 1 years of experience. Skilled in Docker, Kubernetes, and CI/CD. Looking for a Docker focused role.","DevOps Engineer needed at a growing enterprise firm. Required skills: Docker, Kubernetes, CI/CD, AWS, Terraform, and Linux. The ideal candidate has 1+ years of experience in software engineering and application development and a strong ability to work independently as well as within a team. Responsibilities include applying Docker to solve real business problems.",0.91,high
"Cybersecurity Analyst with 10 years of experience in information security and risk management. Skilled in SIEM, penetration testing, network security, incident response, firewalls, and risk assessment. Proven track record of delivering measurable results for cross-functional teams.","Cybersecurity Analyst needed at a growing startup. Required skills: SIEM, penetration testing, and network security. The ideal candidate has 8+ years of experience in information security and risk management and a strong ability to work independently as well as within a team. Responsibilities include applying SIEM to solve real business problems. Competitive salary, remote-friendly, and strong growth opportunities are offered.",0.93,high
"Machine Learning Engineer with 10 years of experience in data analysis and reporting. Skilled in Python, TensorFlow, PyTorch, model deployment, and scikit-learn. Proven track record of delivering measurable results for cross-functional teams.","Machine Learning Engineer needed at a growing hospital network. Required skills: Python, TensorFlow, and PyTorch. The ideal candidate has 8+ years of experience in data analysis and reporting and a strong ability to work independently as well as within a team. Responsibilities include applying Python to solve real business problems.",0.92,high
"Digital Marketing Specialist with 8 years of experience in digital marketing and brand growth. Skilled in SEO, Google Ads, content strategy, social media marketing, analytics, and email marketing. Proven track record of delivering measurable results and collaborating with cross-functional teams. Seeking a role where I can apply my expertise in SEO and continue growing professionally. Strong communicator with a history of mentoring junior team members.","Digital Marketing Specialist needed at a growing startup. Required skills: SEO, Google Ads, content strategy, and social media marketing. The ideal candidate has 6+ years of experience in digital marketing and brand growth.",0.94,high
"Product Manager with 10 years of experience in product strategy and cross-functional delivery. Skilled in roadmapping, Agile, stakeholder management, and user research. Proven track record of delivering measurable results and collaborating with cross-functional teams. Seeking a role where I can apply my expertise in roadmapping and continue growing professionally. Strong communicator with a history of mentoring junior team members.","Mobile App Developer needed at a growing financial services company. Required skills: Flutter, Kotlin, Swift, REST APIs, mobile UI design, and Firebase. The ideal candidate has 2+ years of experience in software engineering and application development and a strong ability to work independently as well as within a team. Responsibilities include applying Flutter to solve real business problems.",0.14,low
"Digital Marketing Specialist with 7 years of experience in digital marketing and brand growth. Skilled in SEO, Google Ads, content strategy, and social media marketing. Proven track record of delivering measurable results and collaborating with cross-functional teams. Seeking a role where I can apply my expertise in SEO and continue growing professionally. Strong communicator with a history of mentoring junior team members.","Digital Marketing Specialist needed at a growing SaaS company. Required skills: SEO, Google Ads, content strategy, and social media marketing. The ideal candidate has 5+ years of experience in digital marketing and brand growth and a strong ability to work independently as well as within a team. Responsibilities include applying SEO to solve real business problems. Competitive salary, remote-friendly, and strong growth opportunities are offered.",-0.2,high
"UX Designer with 2 years of experience in user experience and visual design. Skilled in Figma, wireframing, and user research. Proven track record of delivering measurable results and collaborating with cross-functional teams. Seeking a role where I can apply my expertise in Figma and continue growing professionally. Strong communicator with a history of mentoring junior team members.","Graphic Designer needed at a growing technology company. Required skills: Adobe Photoshop, Illustrator, branding, typography, layout design, and InDesign. The ideal candidate has 1+ years of experience in user experience and visual design and a strong ability to work independently as well as within a team. Responsibilities include applying Adobe Photoshop to solve real business problems.",0.48,medium
"Sales Manager with 7 years of experience in business development and client relationship management. Skilled in B2B sales, CRM, lead generation, negotiation, and pipeline management. Proven track record of delivering measurable results for cross-functional teams.","Sales Manager needed at a growing startup. Required skills: B2B sales, CRM, lead generation, negotiation, pipeline management, and Salesforce. The ideal candidate has 6+ years of experience in business development and client relationship management.",0.46,medium
"Data Analyst with 5 years of experience in data analysis and reporting. Skilled in SQL, Python, and Power BI. Proven track record of delivering measurable results for cross-functional teams.","Machine Learning Engineer needed at a growing e-commerce platform. Required skills: Python, TensorFlow, and PyTorch. The ideal candidate has 4+ years of experience in data analysis and reporting and a strong ability to work independently as well as within a team. Responsibilities include applying Python to solve real business problems.",0.44,medium
"Content Writer with 10 years of experience. Skilled in SEO writing, copywriting, content strategy, and editing. Looking for a SEO writing focused role.","Cybersecurity Analyst needed at a growing technology company. Required skills: SIEM, penetration testing, network security, incident response, firewalls, and risk assessment.",0.14,low
"Cybersecurity Analyst with 7 years of experience. Skilled in SIEM, penetration testing, and network security. Looking for a SIEM focused role.","Cloud Architect needed at a growing hospital network. Required skills: AWS, Azure, cloud migration, infrastructure as code, and cost optimization. The ideal candidate has 5+ years of experience in software engineering and application development.",0.15,low
"Cloud Architect with 5 years of experience in software engineering and application development. Skilled in AWS, and Azure. Proven track record of delivering measurable results and collaborating with cross-functional teams. Seeking a role where I can apply my expertise in AWS and continue growing professionally. Strong communicator with a history of mentoring junior team members.","Operations Manager needed at a growing SaaS company. Required skills: process improvement, supply chain, and team leadership. The ideal candidate has 10+ years of experience in operations and process management.",0.14,low
"QA Engineer with 7 years of experience in software engineering and application development. Skilled in test automation, Selenium, and manual testing. Proven track record of delivering measurable results and collaborating with cross-functional teams. Holds relevant certifications and has led multiple successful projects from planning through delivery. Seeking a role where I can apply my expertise in test automation and continue growing professionally as part of a driven team.","QA Engineer needed at a growing consulting agency. Required skills: test automation, Selenium, manual testing, and bug tracking.",0.94,high
"Cloud Architect with 3 years of experience in software engineering and application development. Skilled in AWS, and Azure. Proven track record of delivering measurable results for cross-functional teams.","Full Stack Developer needed at a growing healthcare organization. Required skills: React, Node.js, JavaScript, and MongoDB.",0.49,medium
"Backend Engineer with 10 years of experience in software engineering and application development. Skilled in Python, FastAPI, PostgreSQL, and REST APIs. Proven track record of delivering measurable results for cross-functional teams.","Backend Engineer needed at a growing e-commerce platform. Required skills: Python, FastAPI, PostgreSQL, and REST APIs.",0.86,high
"HR Manager with 8 years of experience in human resources and talent management. Skilled in recruitment, employee relations, HRIS, onboarding, and performance management. Proven track record of delivering measurable results and collaborating with cross-functional teams. Holds relevant certifications and has led multiple successful projects from planning through delivery. Seeking a role where I can apply my expertise in recruitment and continue growing professionally as part of a driven team.","Data Scientist needed at a growing healthcare organization. Required skills: Python, machine learning, pandas, statistics, SQL, and data storytelling. The ideal candidate has 10+ years of experience in data analysis and reporting.",0.42,low
"Backend Engineer with 1 years of experience in software engineering and application development. Skilled in Python, FastAPI, PostgreSQL, and REST APIs. Proven track record of delivering measurable results and collaborating with cross-functional teams. Seeking a role where I can apply my expertise in Python and continue growing professionally. Strong communicator with a history of mentoring junior team members.","DevOps Engineer needed at a growing enterprise firm. Required skills: Docker, Kubernetes, CI/CD, and AWS. The ideal candidate has 1+ years of experience in software engineering and application development and a strong ability to work independently as well as within a team. Responsibilities include applying Docker to solve real business problems.",0.56,medium
"Network Engineer with 5 years of experience. Skilled in Cisco, routing and switching, network troubleshooting, and VPN. Looking for a Cisco focused role.","Network Engineer needed at a growing healthcare organization. Required skills: Cisco, routing and switching, and network troubleshooting.",0.86,high
"Digital Marketing Specialist with 4 years of experience in digital marketing and brand growth. Skilled in SEO, Google Ads, content strategy, social media marketing, analytics, and email marketing. Proven track record of delivering measurable results for cross-functional teams.","Digital Marketing Specialist needed at a growing technology company. Required skills: SEO, Google Ads, content strategy, social media marketing, and analytics. The ideal candidate has 2+ years of experience in digital marketing and brand growth and a strong ability to work independently as well as within a team. Responsibilities include applying SEO to solve real business problems.",0.9,high
"Healthcare Analyst with 7 years of experience. Skilled in SQL, healthcare informatics, and HIPAA compliance. Looking for a SQL focused role.","Healthcare Analyst needed at a growing startup. Required skills: SQL, healthcare informatics, and HIPAA compliance. The ideal candidate has 5+ years of experience in healthcare data management and a strong ability to work independently as well as within a team. Responsibilities include applying SQL to solve real business problems.",0.89,high
"Full Stack Developer with 8 years of experience in software engineering and application development. Skilled in React, Node.js, JavaScript, and MongoDB. Proven track record of delivering measurable results and collaborating with cross-functional teams. Holds relevant certifications and has led multiple successful projects from planning through delivery. Seeking a role where I can apply my expertise in React and continue growing professionally as part of a driven team.","Cloud Architect needed at a growing e-commerce platform. Required skills: AWS, Azure, cloud migration, infrastructure as code, cost optimization, and security architecture. The ideal candidate has 7+ years of experience in software engineering and application development.",0.55,medium
"Cloud Architect with 3 years of experience. Skilled in AWS, and Azure. Looking for a AWS focused role.","Mobile App Developer needed at a growing SaaS company. Required skills: Flutter, Kotlin, Swift, REST APIs, mobile UI design, and Firebase. The ideal candidate has 2+ years of experience in software engineering and application development.",0.41,medium
"Backend Engineer with 1 years of experience. Skilled in Python, and FastAPI. Looking for a Python focused role.","Data Scientist needed at a growing technology company. Required skills: Python, machine learning, pandas, statistics, SQL, and data storytelling. The ideal candidate has 3+ years of experience in data analysis and reporting.",0.07,low
"Sales Manager with 4 years of experience in business development and client relationship management. Skilled in B2B sales, CRM, and lead generation. Proven track record of delivering measurable results for cross-functional teams.","Sales Manager needed at a growing SaaS company. Required skills: B2B sales, CRM, and lead generation. The ideal candidate has 3+ years of experience in business development and client relationship management and a strong ability to work independently as well as within a team. Responsibilities include applying B2B sales to solve real business problems.",0.55,medium
"Accountant with 3 years of experience in financial planning and analysis. Skilled in bookkeeping, and GAAP. Proven track record of delivering measurable results and collaborating with cross-functional teams. Seeking a role where I can apply my expertise in bookkeeping and continue growing professionally. Strong communicator with a history of mentoring junior team members.","Financial Analyst needed at a growing e-commerce platform. Required skills: financial modeling, Excel, forecasting, valuation, and budgeting. The ideal candidate has 2+ years of experience in financial planning and analysis.",0.48,medium
"Sales Manager with 6 years of experience in business development and client relationship management. Skilled in B2B sales, CRM, lead generation, negotiation, pipeline management, and Salesforce. Proven track record of delivering measurable results and collaborating with cross-functional teams. Holds relevant certifications and has led multiple successful projects from planning through delivery. Seeking a role where I can apply my expertise in B2B sales and continue growing professionally as part of a driven team.","Sales Manager needed at a growing enterprise firm. Required skills: B2B sales, CRM, lead generation, negotiation, pipeline management, and Salesforce. The ideal candidate has 4+ years of experience in business development and client relationship management.",0.94,high
"Recruiter with 4 years of experience in human resources and talent management. Skilled in sourcing, ATS systems, interviewing, candidate screening, employer branding, and LinkedIn Recruiter. Proven track record of delivering measurable results for cross-functional teams.","Recruiter needed at a growing hospital network. Required skills: sourcing, ATS systems, and interviewing. The ideal candidate has 2+ years of experience in human resources and talent management.",0.91,high
"Cloud Architect with 4 years of experience in software engineering and application development. Skilled in AWS, Azure, cloud migration, infrastructure as code, and cost optimization. Proven track record of delivering measurable results for cross-functional teams.","Digital Marketing Specialist needed at a growing hospital network. Required skills: SEO, Google Ads, content strategy, and social media marketing. The ideal candidate has 1+ years of experience in digital marketing and brand growth and a strong ability to work independently as well as within a team. Responsibilities include applying SEO to solve real business problems. Competitive salary, remote-friendly, and strong growth opportunities are offered.",0.1,low
"Network Engineer with 3 years of experience. Skilled in Cisco, and routing and switching. Looking for a Cisco focused role.","Cybersecurity Analyst needed at a growing startup. Required skills: SIEM, penetration testing, network security, incident response, and firewalls. The ideal candidate has 2+ years of experience in information security and risk management and a strong ability to work independently as well as within a team. Responsibilities include applying SIEM to solve real business problems. Competitive salary, remote-friendly, and strong growth opportunities are offered.",0.41,medium
"Cloud Architect with 4 years of experience in software engineering and application development. Skilled in AWS, and Azure. Proven track record of delivering measurable results for cross-functional teams.","Recruiter needed at a growing healthcare organization. Required skills: sourcing, ATS systems, interviewing, candidate screening, and employer branding. The ideal candidate has 4+ years of experience in human resources and talent management and a strong ability to work independently as well as within a team. Responsibilities include applying sourcing to solve real business problems.",0.07,low
"QA Engineer with 2 years of experience in software engineering and application development. Skilled in test automation, Selenium, and manual testing. Proven track record of delivering measurable results and collaborating with cross-functional teams. Seeking a role where I can apply my expertise in test automation and continue growing professionally. Strong communicator with a history of mentoring junior team members.","QA Engineer needed at a growing consulting agency. Required skills: test automation, Selenium, manual testing, bug tracking, regression testing, and API testing. The ideal candidate has 1+ years of experience in software engineering and application development.",0.93,high
"QA Engineer with 4 years of experience. Skilled in test automation, Selenium, and manual testing. Looking for a test automation focused role.","QA Engineer needed at a growing startup. Required skills: test automation, Selenium, manual testing, bug tracking, regression testing, and API testing. The ideal candidate has 2+ years of experience in software engineering and application development and a strong ability to work independently as well as within a team. Responsibilities include applying test automation to solve real business problems. Competitive salary, remote-friendly, and strong growth opportunities are offered.",0.9,high
"Cybersecurity Analyst with 2 years of experience in information security and risk management. Skilled in SIEM, penetration testing, network security, and incident response. Proven track record of delivering measurable results and collaborating with cross-functional teams. Holds relevant certifications and has led multiple successful projects from planning through delivery. Seeking a role where I can apply my expertise in SIEM and continue growing professionally as part of a driven team.","Content Writer needed at a growing consulting agency. Required skills: SEO writing, copywriting, content strategy, editing, and WordPress. The ideal candidate has 8+ years of experience in digital marketing and brand growth and a strong ability to work independently as well as within a team. Responsibilities include applying SEO writing to solve real business problems. Competitive salary, remote-friendly, and strong growth opportunities are offered.",0.09,low
"Graphic Designer with 7 years of experience in user experience and visual design. Skilled in Adobe Photoshop, Illustrator, and branding. Proven track record of delivering measurable results and collaborating with cross-functional teams. Seeking a role where I can apply my expertise in Adobe Photoshop and continue growing professionally. Strong communicator with a history of mentoring junior team members.","UX Designer needed at a growing e-commerce platform. Required skills: Figma, wireframing, user research, prototyping, usability testing, and design systems. The ideal candidate has 6+ years of experience in user experience and visual design.",0.49,medium
"Cybersecurity Analyst with 1 years of experience in information security and risk management. Skilled in SIEM, penetration testing, and network security. Proven track record of delivering measurable results for cross-functional teams.","Cybersecurity Analyst needed at a growing healthcare organization. Required skills: SIEM, penetration testing, network security, and incident response. The ideal candidate has 1+ years of experience in information security and risk management.",0.89,high
"Cybersecurity Analyst with 2 years of experience in information security and risk management. Skilled in SIEM, penetration testing, network security, incident response, and firewalls. Proven track record of delivering measurable results for cross-functional teams.","Mobile App Developer needed at a growing enterprise firm. Required skills: Flutter, Kotlin, Swift, REST APIs, and mobile UI design. The ideal candidate has 7+ years of experience in software engineering and application development and a strong ability to work independently as well as within a team. Responsibilities include applying Flutter to solve real business problems. Competitive salary, remote-friendly, and strong growth opportunities are offered.",0.07,low
"Cloud Architect with 7 years of experience in software engineering and application development. Skilled in AWS, Azure, cloud migration, and infrastructure as code. Proven track record of delivering measurable results for cross-functional teams.","Backend Engineer needed at a growing startup. Required skills: Python, FastAPI, and PostgreSQL. The ideal candidate has 6+ years of experience in software engineering and application development.",0.5,medium
"QA Engineer with 6 years of experience in software engineering and application development. Skilled in test automation, and Selenium. Proven track record of delivering measurable results and collaborating with cross-functional teams. Seeking a role where I can apply my expertise in test automation and continue growing professionally. Strong communicator with a history of mentoring junior team members.","Data Analyst needed at a growing healthcare organization. Required skills: SQL, Python, Power BI, Excel, and data visualization. The ideal candidate has 7+ years of experience in data analysis and reporting.",0.13,low
"Backend Engineer with 5 years of experience in software engineering and application development. Skilled in Python, FastAPI, PostgreSQL, REST APIs, and Docker. Proven track record of delivering measurable results and collaborating with cross-functional teams. Seeking a role where I can apply my expertise in Python and continue growing professionally. Strong communicator with a history of mentoring junior team members.","Backend Engineer needed at a growing e-commerce platform. Required skills: Python, FastAPI, PostgreSQL, REST APIs, and Docker. The ideal candidate has 3+ years of experience in software engineering and application development.",0.91,high
"Sales Manager with 5 years of experience in business development and client relationship management. Skilled in B2B sales, CRM, lead generation, and negotiation. Proven track record of delivering measurable results for cross-functional teams.","Network Engineer needed at a growing e-commerce platform. Required skills: Cisco, routing and switching, network troubleshooting, VPN, and firewalls. The ideal candidate has 7+ years of experience in information security and risk management.",0.08,low
"Graphic Designer with 7 years of experience in user experience and visual design. Skilled in Adobe Photoshop, Illustrator, and branding. Proven track record of delivering measurable results for cross-functional teams.","Recruiter needed at a growing hospital network. Required skills: sourcing, ATS systems, and interviewing. The ideal candidate has 2+ years of experience in human resources and talent management and a strong ability to work independently as well as within a team. Responsibilities include applying sourcing to solve real business problems.",0.08,low
"Mobile App Developer with 8 years of experience in software engineering and application development. Skilled in Flutter, Kotlin, and Swift. Proven track record of delivering measurable results and collaborating with cross-functional teams. Holds relevant certifications and has led multiple successful projects from planning through delivery. Seeking a role where I can apply my expertise in Flutter and continue growing professionally as part of a driven team.","Business Analyst needed at a growing financial services company. Required skills: requirements gathering, SQL, and process mapping. The ideal candidate has 8+ years of experience in product strategy and cross-functional delivery.",0.09,low
"Healthcare Analyst with 4 years of experience. Skilled in SQL, healthcare informatics, HIPAA compliance, Tableau, and clinical data. Looking for a SQL focused role.","Healthcare Analyst needed at a growing financial services company. Required skills: SQL, healthcare informatics, HIPAA compliance, Tableau, clinical data, and statistics. The ideal candidate has 2+ years of experience in healthcare data management and a strong ability to work independently as well as within a team. Responsibilities include applying SQL to solve real business problems.",0.92,high
"Product Manager with 7 years of experience in product strategy and cross-functional delivery. Skilled in roadmapping, Agile, stakeholder management, user research, and A/B testing. Proven track record of delivering measurable results for cross-functional teams.","Business Analyst needed at a growing SaaS company. Required skills: requirements gathering, SQL, and process mapping. The ideal candidate has 6+ years of experience in product strategy and cross-functional delivery and a strong ability to work independently as well as within a team. Responsibilities include applying requirements gathering to solve real business problems. Competitive salary, remote-friendly, and strong growth opportunities are offered.",0.56,medium
"HR Manager with 7 years of experience in human resources and talent management. Skilled in recruitment, and employee relations. Proven track record of delivering measurable results and collaborating with cross-functional teams. Seeking a role where I can apply my expertise in recruitment and continue growing professionally. Strong communicator with a history of mentoring junior team members.","Data Analyst needed at a growing financial services company. Required skills: SQL, Python, and Power BI. The ideal candidate has 3+ years of experience in data analysis and reporting.",0.08,low
"DevOps Engineer with 7 years of experience in software engineering and application development. Skilled in Docker, Kubernetes, and CI/CD. Proven track record of delivering measurable results and collaborating with cross-functional teams. Holds relevant certifications and has led multiple successful projects from planning through delivery. Seeking a role where I can apply my expertise in Docker and continue growing professionally as part of a driven team.","DevOps Engineer needed at a growing e-commerce platform. Required skills: Docker, Kubernetes, CI/CD, AWS, and Terraform. The ideal candidate has 5+ years of experience in software engineering and application development and a strong ability to work independently as well as within a team. Responsibilities include applying Docker to solve real business problems.",0.92,high
"Digital Marketing Specialist with 5 years of experience in digital marketing and brand growth. Skilled in SEO, and Google Ads. Proven track record of delivering measurable results and collaborating with cross-functional teams. Seeking a role where I can apply my expertise in SEO and continue growing professionally. Strong communicator with a history of mentoring junior team members.","Content Writer needed at a growing e-commerce platform. Required skills: SEO writing, copywriting, content strategy, editing, and WordPress. The ideal candidate has 4+ years of experience in digital marketing and brand growth and a strong ability to work independently as well as within a team. Responsibilities include applying SEO writing to solve real business problems. Competitive salary, remote-friendly, and strong growth opportunities are offered.",0.52,medium
"Cybersecurity Analyst with 3 years of experience in information security and risk management. Skilled in SIEM, penetration testing, and network security. Proven track record of delivering measurable results for cross-functional teams.","Cybersecurity Analyst needed at a growing SaaS company. Required skills: SIEM, penetration testing, network security, incident response, firewalls, and risk assessment. The ideal candidate has 1+ years of experience in information security and risk management.",0.94,high
"Network Engineer with 4 years of experience in information security and risk management. Skilled in Cisco, routing and switching, and network troubleshooting. Proven track record of delivering measurable results and collaborating with cross-functional teams. Holds relevant certifications and has led multiple successful projects from planning through delivery. Seeking a role where I can apply my expertise in Cisco and continue growing professionally as part of a driven team.","Network Engineer needed at a growing consulting agency. Required skills: Cisco, routing and switching, and network troubleshooting. The ideal candidate has 2+ years of experience in information security and risk management.",0.87,HIGH
"Recruiter with 10 years of experience. Skilled in sourcing, and ATS systems. Looking for a sourcing focused role.","Accountant needed at a growing financial services company. Required skills: bookkeeping, GAAP, tax preparation, and QuickBooks. The ideal candidate has 1+ years of experience in financial planning and analysis and a strong ability to work independently as well as within a team. Responsibilities include applying bookkeeping to solve real business problems.",0.1,low
"Backend Engineer with 3 years of experience in software engineering and application development. Skilled in Python, FastAPI, PostgreSQL, and REST APIs. Proven track record of delivering measurable results and collaborating with cross-functional teams. Seeking a role where I can apply my expertise in Python and continue growing professionally. Strong communicator with a history of mentoring junior team members.","Backend Engineer needed at a growing hospital network. Required skills: Python, FastAPI, PostgreSQL, and REST APIs. The ideal candidate has 1+ years of experience in software engineering and application development and a strong ability to work independently as well as within a team. Responsibilities include applying Python to solve real business problems.",0.94,high
"Financial Analyst with 3 years of experience in financial planning and analysis. Skilled in financial modeling, Excel, forecasting, valuation, and budgeting. Proven track record of delivering measurable results and collaborating with cross-functional teams. Seeking a role where I can apply my expertise in financial modeling and continue growing professionally. Strong communicator with a history of mentoring junior team members.","Accountant needed at a growing consulting agency. Required skills: bookkeeping, GAAP, tax preparation, QuickBooks, and reconciliation.",0.51,medium
"Recruiter with 3 years of experience in human resources and talent management. Skilled in sourcing, ATS systems, interviewing, candidate screening, and employer branding. Proven track record of delivering measurable results for cross-functional teams.","Recruiter needed at a growing hospital network. Required skills: sourcing, ATS systems, interviewing, candidate screening, employer branding, and LinkedIn Recruiter. The ideal candidate has 1+ years of experience in human resources and talent management.",0.87,high
"Recruiter with 7 years of experience in human resources and talent management. Skilled in sourcing, ATS systems, interviewing, candidate screening, and employer branding. Proven track record of delivering measurable results and collaborating with cross-functional teams. Holds relevant certifications and has led multiple successful projects from planning through delivery. Seeking a role where I can apply my expertise in sourcing and continue growing professionally as part of a driven team.","Cybersecurity Analyst needed at a growing healthcare organization. Required skills: SIEM, penetration testing, network security, and incident response. The ideal candidate has 3+ years of experience in information security and risk management and a strong ability to work independently as well as within a team. Responsibilities include applying SIEM to solve real business problems.",0.1,low
"Cloud Architect with 5 years of experience in software engineering and application development. Skilled in AWS, and Azure. Proven track record of delivering measurable results for cross-functional teams.","Healthcare Analyst needed at a growing startup. Required skills: SQL, healthcare informatics, HIPAA compliance, Tableau, and clinical data. The ideal candidate has 3+ years of experience in healthcare data management and a strong ability to work independently as well as within a team. Responsibilities include applying SQL to solve real business problems. Competitive salary, remote-friendly, and strong growth opportunities are offered.",0.06,low
"Digital Marketing Specialist with 3 years of experience in digital marketing and brand growth. Skilled in SEO, Google Ads, and content strategy. Proven track record of delivering measurable results for cross-functional teams.","Digital Marketing Specialist needed at a growing enterprise firm. Required skills: SEO, Google Ads, and content strategy. The ideal candidate has 1+ years of experience in digital marketing and brand growth.",0.9,high
"HR Manager with 5 years of experience in human resources and talent management. Skilled in recruitment, employee relations, HRIS, and onboarding. Proven track record of delivering measurable results and collaborating with cross-functional teams. Holds relevant certifications and has led multiple successful projects from planning through delivery. Seeking a role where I can apply my expertise in recruitment and continue growing professionally as part of a driven team.","QA Engineer needed at a growing enterprise firm. Required skills: test automation, Selenium, manual testing, bug tracking, and regression testing. The ideal candidate has 4+ years of experience in software engineering and application development and a strong ability to work independently as well as within a team. Responsibilities include applying test automation to solve real business problems.",0.09,low
"Machine Learning Engineer with 1 years of experience in data analysis and reporting. Skilled in Python, TensorFlow, and PyTorch. Proven track record of delivering measurable results for cross-functional teams.","Data Analyst needed at a growing e-commerce platform. Required skills: SQL, Python, and Power BI. The ideal candidate has 1+ years of experience in data analysis and reporting and a strong ability to work independently as well as within a team. Responsibilities include applying SQL to solve real business problems. Competitive salary, remote-friendly, and strong growth opportunities are offered.",0.44,medium
"Cybersecurity Analyst with 2 years of experience in information security and risk management. Skilled in SIEM, penetration testing, and network security. Proven track record of delivering measurable results for cross-functional teams.","Digital Marketing Specialist needed at a growing e-commerce platform. Required skills: SEO, Google Ads, content strategy, social media marketing, and analytics. The ideal candidate has 6+ years of experience in digital marketing and brand growth and a strong ability to work independently as well as within a team. Responsibilities include applying SEO to solve real business problems.",0.07,low
"Sales Manager with 8 years of experience in business development and client relationship management. Skilled in B2B sales, CRM, and lead generation. Proven track record of delivering measurable results and collaborating with cross-functional teams. Seeking a role where I can apply my expertise in B2B sales and continue growing professionally. Strong communicator with a history of mentoring junior team members.","Sales Manager needed at a growing consulting agency. Required skills: B2B sales, CRM, lead generation, negotiation, and pipeline management.",0.87,high
"Financial Analyst with 3 years of experience in financial planning and analysis. Skilled in financial modeling, Excel, forecasting, and valuation. Proven track record of delivering measurable results and collaborating with cross-functional teams. Seeking a role where I can apply my expertise in financial modeling and continue growing professionally. Strong communicator with a history of mentoring junior team members.","Graphic Designer needed at a growing SaaS company. Required skills: Adobe Photoshop, Illustrator, and branding. The ideal candidate has 4+ years of experience in user experience and visual design and a strong ability to work independently as well as within a team. Responsibilities include applying Adobe Photoshop to solve real business problems. Competitive salary, remote-friendly, and strong growth opportunities are offered.",0.07,low
"Healthcare Analyst with 2 years of experience in healthcare data management. Skilled in SQL, healthcare informatics, HIPAA compliance, and Tableau. Proven track record of delivering measurable results and collaborating with cross-functional teams. Holds relevant certifications and has led multiple successful projects from planning through delivery. Seeking a role where I can apply my expertise in SQL and continue growing professionally as part of a driven team.","Healthcare Analyst needed at a growing consulting agency. Required skills: SQL, healthcare informatics, and HIPAA compliance. The ideal candidate has 1+ years of experience in healthcare data management and a strong ability to work independently as well as within a team. Responsibilities include applying SQL to solve real business problems. Competitive salary, remote-friendly, and strong growth opportunities are offered.",0.9,high
"Cybersecurity Analyst with 6 years of experience in information security and risk management. Skilled in SIEM, penetration testing, and network security. Proven track record of delivering measurable results and collaborating with cross-functional teams. Seeking a role where I can apply my expertise in SIEM and continue growing professionally. Strong communicator with a history of mentoring junior team members.","Cybersecurity Analyst needed at a growing enterprise firm. Required skills: SIEM, penetration testing, network security, incident response, firewalls, and risk assessment. The ideal candidate has 4+ years of experience in information security and risk management.",0.93,high
"UX Designer with 1 years of experience in user experience and visual design. Skilled in Figma, wireframing, user research, prototyping, and usability testing. Proven track record of delivering measurable results and collaborating with cross-functional teams. Holds relevant certifications and has led multiple successful projects from planning through delivery. Seeking a role where I can apply my expertise in Figma and continue growing professionally as part of a driven team.","UX Designer needed at a growing healthcare organization. Required skills: Figma, wireframing, user research, and prototyping. The ideal candidate has 1+ years of experience in user experience and visual design and a strong ability to work independently as well as within a team. Responsibilities include applying Figma to solve real business problems.",0.89,high
"Accountant with 1 years of experience in financial planning and analysis. Skilled in bookkeeping, and GAAP. Proven track record of delivering measurable results and collaborating with cross-functional teams. Holds relevant certifications and has led multiple successful projects from planning through delivery. Seeking a role where I can apply my expertise in bookkeeping and continue growing professionally as part of a driven team.","Healthcare Analyst needed at a growing healthcare organization. Required skills: SQL, healthcare informatics, HIPAA compliance, and Tableau. The ideal candidate has 6+ years of experience in healthcare data management and a strong ability to work independently as well as within a team. Responsibilities include applying SQL to solve real business problems.",0.06,low
"Recruiter with 6 years of experience in human resources and talent management. Skilled in sourcing, and ATS systems. Proven track record of delivering measurable results and collaborating with cross-functional teams. Seeking a role where I can apply my expertise in sourcing and continue growing professionally. Strong communicator with a history of mentoring junior team members.","HR Manager needed at a growing startup. Required skills: recruitment, employee relations, HRIS, onboarding, performance management, and payroll. The ideal candidate has 5+ years of experience in human resources and talent management and a strong ability to work independently as well as within a team. Responsibilities include applying recruitment to solve real business problems.",0.53,medium
"Financial Analyst with 2 years of experience in financial planning and analysis. Skilled in financial modeling, Excel, forecasting, valuation, and budgeting. Proven track record of delivering measurable results and collaborating with cross-functional teams. Holds relevant certifications and has led multiple successful projects from planning through delivery. Seeking a role where I can apply my expertise in financial modeling and continue growing professionally as part of a driven team.","HR Manager needed at a growing technology company. Required skills: recruitment, employee relations, HRIS, onboarding, performance management, and payroll. The ideal candidate has 6+ years of experience in human resources and talent management.",0.06,low
"Digital Marketing Specialist with 6 years of experience in digital marketing and brand growth. Skilled in SEO, Google Ads, content strategy, and social media marketing. Proven track record of delivering measurable results and collaborating with cross-functional teams. Seeking a role where I can apply my expertise in SEO and continue growing professionally. Strong communicator with a history of mentoring junior team members.","UX Designer needed at a growing consulting agency. Required skills: Figma, wireframing, user research, and prototyping.",0.07,low
"Recruiter with 1 years of experience in human resources and talent management. Skilled in sourcing, ATS systems, and interviewing. Proven track record of delivering measurable results and collaborating with cross-functional teams. Holds relevant certifications and has led multiple successful projects from planning through delivery. Seeking a role where I can apply my expertise in sourcing and continue growing professionally as part of a driven team.","HR Manager needed at a growing startup. Required skills: recruitment, employee relations, HRIS, onboarding, performance management, and payroll.",0.55,medium
"Mobile App Developer with 10 years of experience in software engineering and application development. Skilled in Flutter, Kotlin, Swift, and REST APIs. Proven track record of delivering measurable results and collaborating with cross-functional teams. Seeking a role where I can apply my expertise in Flutter and continue growing professionally. Strong communicator with a history of mentoring junior team members.","Mobile App Developer needed at a growing hospital network. Required skills: Flutter, Kotlin, Swift, and REST APIs. The ideal candidate has 8+ years of experience in software engineering and application development and a strong ability to work independently as well as within a team. Responsibilities include applying Flutter to solve real business problems.",0.94,high
"Data Analyst with 2 years of experience in data analysis and reporting. Skilled in SQL, Python, and Power BI. Proven track record of delivering measurable results and collaborating with cross-functional teams. Seeking a role where I can apply my expertise in SQL and continue growing professionally. Strong communicator with a history of mentoring junior team members.","Data Scientist needed at a growing SaaS company. Required skills: Python, machine learning, pandas, statistics, SQL, and data storytelling. The ideal candidate has 1+ years of experience in data analysis and reporting and a strong ability to work independently as well as within a team. Responsibilities include applying Python to solve real business problems. Competitive salary, remote-friendly, and strong growth opportunities are offered.",0.41,medium
"QA Engineer with 2 years of experience in software engineering and application development. Skilled in test automation, and Selenium. Proven track record of delivering measurable results and collaborating with cross-functional teams. Seeking a role where I can apply my expertise in test automation and continue growing professionally. Strong communicator with a history of mentoring junior team members.","DevOps Engineer needed at a growing technology company. Required skills: Docker, Kubernetes, CI/CD, AWS, and Terraform. The ideal candidate has 1+ years of experience in software engineering and application development and a strong ability to work independently as well as within a team. Responsibilities include applying Docker to solve real business problems.",0.54,medium
"Machine Learning Engineer with 10 years of experience. Skilled in Python, TensorFlow, PyTorch, model deployment, and scikit-learn. Looking for a Python focused role.","Recruiter needed at a growing SaaS company. Required skills: sourcing, ATS systems, interviewing, candidate screening, and employer branding. The ideal candidate has 10+ years of experience in human resources and talent management and a strong ability to work independently as well as within a team. Responsibilities include applying sourcing to solve real business problems.",0.12,low
"Data Scientist with 8 years of experience in data analysis and reporting. Skilled in Python, machine learning, pandas, statistics, and SQL. Proven track record of delivering measurable results and collaborating with cross-functional teams. Seeking a role where I can apply my expertise in Python and continue growing professionally. Strong communicator with a history of mentoring junior team members.","Data Analyst needed at a growing healthcare organization. Required skills: SQL, Python, Power BI, Excel, and data visualization. The ideal candidate has 7+ years of experience in data analysis and reporting and a strong ability to work independently as well as within a team. Responsibilities include applying SQL to solve real business problems.",2.3,medium
"Sales Manager with 3 years of experience in business development and client relationship management. Skilled in B2B sales, CRM, lead generation, negotiation, and pipeline management. Proven track record of delivering measurable results and collaborating with cross-functional teams. Holds relevant certifications and has led multiple successful projects from planning through delivery. Seeking a role where I can apply my expertise in B2B sales and continue growing professionally as part of a driven team.","Digital Marketing Specialist needed at a growing startup. Required skills: SEO, Google Ads, content strategy, and social media marketing. The ideal candidate has 1+ years of experience in digital marketing and brand growth and a strong ability to work independently as well as within a team. Responsibilities include applying SEO to solve real business problems.",0.13,low
"UX Designer with 5 years of experience. Skilled in Figma, wireframing, user research, prototyping, usability testing, and design systems. Looking for a Figma focused role.","UX Designer needed at a growing consulting agency. Required skills: Figma, wireframing, user research, prototyping, and usability testing.",0.85,high
"Accountant with 5 years of experience in financial planning and analysis. Skilled in bookkeeping, GAAP, tax preparation, and QuickBooks. Proven track record of delivering measurable results and collaborating with cross-functional teams. Seeking a role where I can apply my expertise in bookkeeping and continue growing professionally. Strong communicator with a history of mentoring junior team members.","Accountant needed at a growing financial services company. Required skills: bookkeeping, GAAP, and tax preparation. The ideal candidate has 3+ years of experience in financial planning and analysis and a strong ability to work independently as well as within a team. Responsibilities include applying bookkeeping to solve real business problems. Competitive salary, remote-friendly, and strong growth opportunities are offered.",0.9,high
"UX Designer with 6 years of experience in user experience and visual design. Skilled in Figma, wireframing, user research, and prototyping. Proven track record of delivering measurable results for cross-functional teams.","DevOps Engineer needed at a growing e-commerce platform. Required skills: Docker, Kubernetes, CI/CD, AWS, Terraform, and Linux. The ideal candidate has 4+ years of experience in software engineering and application development and a strong ability to work independently as well as within a team. Responsibilities include applying Docker to solve real business problems. Competitive salary, remote-friendly, and strong growth opportunities are offered.",0.47,low
"Business Analyst with 2 years of experience in product strategy and cross-functional delivery. Skilled in requirements gathering, SQL, process mapping, stakeholder communication, and Excel. Proven track record of delivering measurable results and collaborating with cross-functional teams. Holds relevant certifications and has led multiple successful projects from planning through delivery. Seeking a role where I can apply my expertise in requirements gathering and continue growing professionally as part of a driven team.","Business Analyst needed at a growing financial services company. Required skills: requirements gathering, SQL, process mapping, and stakeholder communication. The ideal candidate has 1+ years of experience in product strategy and cross-functional delivery and a strong ability to work independently as well as within a team. Responsibilities include applying requirements gathering to solve real business problems. Competitive salary, remote-friendly, and strong growth opportunities are offered.",0.87,high
"Operations Manager with 8 years of experience in operations and process management. Skilled in process improvement, supply chain, team leadership, and budgeting. Proven track record of delivering measurable results and collaborating with cross-functional teams. Seeking a role where I can apply my expertise in process improvement and continue growing professionally. Strong communicator with a history of mentoring junior team members.","Operations Manager needed at a growing enterprise firm. Required skills: process improvement, supply chain, team leadership, budgeting, vendor management, and logistics. The ideal candidate has 6+ years of experience in operations and process management and a strong ability to work independently as well as within a team. Responsibilities include applying process improvement to solve real business problems. Competitive salary, remote-friendly, and strong growth opportunities are offered.",0.0,high
"Mobile App Developer with 3 years of experience. Skilled in Flutter, Kotlin, Swift, REST APIs, mobile UI design, and Firebase. Looking for a Flutter focused role.","Mobile App Developer needed at a growing startup. Required skills: Flutter, Kotlin, Swift, REST APIs, and mobile UI design. The ideal candidate has 1+ years of experience in software engineering and application development and a strong ability to work independently as well as within a team. Responsibilities include applying Flutter to solve real business problems.",0.92,high
"Healthcare Analyst with 1 years of experience. Skilled in SQL, healthcare informatics, HIPAA compliance, and Tableau. Looking for a SQL focused role.","Healthcare Analyst needed at a growing enterprise firm. Required skills: SQL, healthcare informatics, HIPAA compliance, Tableau, and clinical data.",0.56,medium
"Business Analyst with 6 years of experience in product strategy and cross-functional delivery. Skilled in requirements gathering, SQL, process mapping, stakeholder communication, and Excel. Proven track record of delivering measurable results and collaborating with cross-functional teams. Seeking a role where I can apply my expertise in requirements gathering and continue growing professionally. Strong communicator with a history of mentoring junior team members.","Business Analyst needed at a growing e-commerce platform. Required skills: requirements gathering, SQL, process mapping, stakeholder communication, Excel, and Agile. The ideal candidate has 4+ years of experience in product strategy and cross-functional delivery and a strong ability to work independently as well as within a team. Responsibilities include applying requirements gathering to solve real business problems.",0.94,high
"Content Writer with 2 years of experience in digital marketing and brand growth. Skilled in SEO writing, and copywriting. Proven track record of delivering measurable results for cross-functional teams.","Product Manager needed at a growing hospital network. Required skills: roadmapping, Agile, stakeholder management, user research, and A/B testing. The ideal candidate has 2+ years of experience in product strategy and cross-functional delivery and a strong ability to work independently as well as within a team. Responsibilities include applying roadmapping to solve real business problems. Competitive salary, remote-friendly, and strong growth opportunities are offered.",0.11,low
"Sales Manager with 1 years of experience in business development and client relationship management. Skilled in B2B sales, CRM, lead generation, negotiation, pipeline management, and Salesforce. Proven track record of delivering measurable results for cross-functional teams.","Sales Manager needed at a growing consulting agency. Required skills: B2B sales, CRM, lead generation, negotiation, pipeline management, and Salesforce. The ideal candidate has 1+ years of experience in business development and client relationship management and a strong ability to work independently as well as within a team. Responsibilities include applying B2B sales to solve real business problems.",0.92,high
"UX Designer with 3 years of experience in user experience and visual design. Skilled in Figma, wireframing, user research, prototyping, and usability testing. Proven track record of delivering measurable results for cross-functional teams.","Content Writer needed at a growing financial services company. Required skills: SEO writing, copywriting, content strategy, editing, and WordPress. The ideal candidate has 7+ years of experience in digital marketing and brand growth.",0.06,low
"Sales Manager with 8 years of experience in business development and client relationship management. Skilled in B2B sales, CRM, and lead generation. Proven track record of delivering measurable results for cross-functional teams.","HR Manager needed at a growing financial services company. Required skills: recruitment, employee relations, HRIS, onboarding, and performance management. The ideal candidate has 3+ years of experience in human resources and talent management and a strong ability to work independently as well as within a team. Responsibilities include applying recruitment to solve real business problems. Competitive salary, remote-friendly, and strong growth opportunities are offered.",0.07,low
"Product Manager with 10 years of experience in product strategy and cross-functional delivery. Skilled in roadmapping, Agile, stakeholder management, and user research. Proven track record of delivering measurable results for cross-functional teams.","Business Analyst needed at a growing financial services company. Required skills: requirements gathering, SQL, process mapping, stakeholder communication, and Excel. The ideal candidate has 9+ years of experience in product strategy and cross-functional delivery.",0.56,medium
"Mobile App Developer with 6 years of experience in software engineering and application development. Skilled in Flutter, Kotlin, and Swift. Proven track record of delivering measurable results for cross-functional teams.","Full Stack Developer needed at a growing hospital network. Required skills: React, Node.js, JavaScript, MongoDB, and REST APIs. The ideal candidate has 5+ years of experience in software engineering and application development and a strong ability to work independently as well as within a team. Responsibilities include applying React to solve real business problems.",0.49,medium
"Recruiter with 5 years of experience in human resources and talent management. Skilled in sourcing, ATS systems, interviewing, candidate screening, employer branding, and LinkedIn Recruiter. Proven track record of delivering measurable results and collaborating with cross-functional teams. Seeking a role where I can apply my expertise in sourcing and continue growing professionally. Strong communicator with a history of mentoring junior team members.","Recruiter needed at a growing e-commerce platform. Required skills: sourcing, ATS systems, interviewing, candidate screening, and employer branding. The ideal candidate has 3+ years of experience in human resources and talent management and a strong ability to work independently as well as within a team. Responsibilities include applying sourcing to solve real business problems. Competitive salary, remote-friendly, and strong growth opportunities are offered.",0.92,high
"Business Analyst with 2 years of experience in product strategy and cross-functional delivery. Skilled in requirements gathering, SQL, and process mapping. Proven track record of delivering measurable results and collaborating with cross-functional teams. Seeking a role where I can apply my expertise in requirements gathering and continue growing professionally. Strong communicator with a history of mentoring junior team members.","Sales Manager needed at a growing technology company. Required skills: B2B sales, CRM, lead generation, negotiation, pipeline management, and Salesforce. The ideal candidate has 2+ years of experience in business development and client relationship management and a strong ability to work independently as well as within a team. Responsibilities include applying B2B sales to solve real business problems.",0.13,low
"Cybersecurity Analyst with 3 years of experience in information security and risk management. Skilled in SIEM, and penetration testing. Proven track record of delivering measurable results for cross-functional teams.","Financial Analyst needed at a growing e-commerce platform. Required skills: financial modeling, Excel, forecasting, valuation, budgeting, and SQL. The ideal candidate has 10+ years of experience in financial planning and analysis.",0.06,low
"Mobile App Developer with 6 years of experience in software engineering and application development. Skilled in Flutter, Kotlin, Swift, and REST APIs. Proven track record of delivering measurable results and collaborating with cross-functional teams. Seeking a role where I can apply my expertise in Flutter and continue growing professionally. Strong communicator with a history of mentoring junior team members.","DevOps Engineer needed at a growing enterprise firm. Required skills: Docker, Kubernetes, CI/CD, AWS, Terraform, and Linux. The ideal candidate has 5+ years of experience in software engineering and application development.",0.51,medium
"Cybersecurity Analyst with 10 years of experience in information security and risk management. Skilled in SIEM, and penetration testing. Proven track record of delivering measurable results and collaborating with cross-functional teams. Seeking a role where I can apply my expertise in SIEM and continue growing professionally. Strong communicator with a history of mentoring junior team members.",,0.55,medium
"Digital Marketing Specialist with 8 years of experience in digital marketing and brand growth. Skilled in SEO, Google Ads, content strategy, social media marketing, and analytics. Proven track record of delivering measurable results and collaborating with cross-functional teams. Holds relevant certifications and has led multiple successful projects from planning through delivery. Seeking a role where I can apply my expertise in SEO and continue growing professionally as part of a driven team.","QA Engineer needed at a growing technology company. Required skills: test automation, Selenium, manual testing, bug tracking, and regression testing. The ideal candidate has 5+ years of experience in software engineering and application development.",0.12,low
"Digital Marketing Specialist with 3 years of experience. Skilled in SEO, Google Ads, and content strategy. Looking for a SEO focused role.","Data Analyst needed at a growing startup. Required skills: SQL, Python, and Power BI.",0.14,low
"Healthcare Analyst with 7 years of experience in healthcare data management. Skilled in SQL, healthcare informatics, HIPAA compliance, Tableau, and clinical data. Proven track record of delivering measurable results for cross-functional teams.","Network Engineer needed at a growing hospital network. Required skills: Cisco, routing and switching, network troubleshooting, VPN, and firewalls. The ideal candidate has 3+ years of experience in information security and risk management and a strong ability to work independently as well as within a team. Responsibilities include applying Cisco to solve real business problems.",0.11,low
"QA Engineer with 7 years of experience in software engineering and application development. Skilled in test automation, Selenium, manual testing, and bug tracking. Proven track record of delivering measurable results and collaborating with cross-functional teams. Seeking a role where I can apply my expertise in test automation and continue growing professionally. Strong communicator with a history of mentoring junior team members.","Full Stack Developer needed at a growing healthcare organization. Required skills: React, Node.js, JavaScript, and MongoDB. The ideal candidate has 6+ years of experience in software engineering and application development.",0.48,medium
"Accountant with 1 years of experience in financial planning and analysis. Skilled in bookkeeping, GAAP, and tax preparation. Proven track record of delivering measurable results and collaborating with cross-functional teams. Seeking a role where I can apply my expertise in bookkeeping and continue growing professionally. Strong communicator with a history of mentoring junior team members.","Financial Analyst needed at a growing hospital network. Required skills: financial modeling, Excel, forecasting, and valuation. The ideal candidate has 1+ years of experience in financial planning and analysis and a strong ability to work independently as well as within a team. Responsibilities include applying financial modeling to solve real business problems. Competitive salary, remote-friendly, and strong growth opportunities are offered.",0.54,medium
"Content Writer with 2 years of experience in digital marketing and brand growth. Skilled in SEO writing, copywriting, content strategy, editing, WordPress, and research. Proven track record of delivering measurable results and collaborating with cross-functional teams. Seeking a role where I can apply my expertise in SEO writing and continue growing professionally. Strong communicator with a history of mentoring junior team members.","Content Writer needed at a growing hospital network. Required skills: SEO writing, copywriting, content strategy, editing, WordPress, and research. The ideal candidate has 1+ years of experience in digital marketing and brand growth and a strong ability to work independently as well as within a team. Responsibilities include applying SEO writing to solve real business problems. Competitive salary, remote-friendly, and strong growth opportunities are offered.",0.91,high
"Cloud Architect with 4 years of experience in software engineering and application development. Skilled in AWS, Azure, and cloud migration. Proven track record of delivering measurable results for cross-functional teams.","QA Engineer needed at a growing startup. Required skills: test automation, Selenium, and manual testing.",0.47,medium
"Cloud Architect with 2 years of experience in software engineering and application development. Skilled in AWS, and Azure. Proven track record of delivering measurable results and collaborating with cross-functional teams. Seeking a role where I can apply my expertise in AWS and continue growing professionally. Strong communicator with a history of mentoring junior team members.","Mobile App Developer needed at a growing healthcare organization. Required skills: Flutter, Kotlin, Swift, and REST APIs. The ideal candidate has 1+ years of experience in software engineering and application development.",0.55,medium
"Digital Marketing Specialist with 8 years of experience in digital marketing and brand growth. Skilled in SEO, and Google Ads. Proven track record of delivering measurable results and collaborating with cross-functional teams. Seeking a role where I can apply my expertise in SEO and continue growing professionally. Strong communicator with a history of mentoring junior team members.","UX Designer needed at a growing consulting agency. Required skills: Figma, wireframing, user research, prototyping, and usability testing. The ideal candidate has 5+ years of experience in user experience and visual design and a strong ability to work independently as well as within a team. Responsibilities include applying Figma to solve real business problems. Competitive salary, remote-friendly, and strong growth opportunities are offered.",0.12,low
"Financial Analyst with 10 years of experience in financial planning and analysis. Skilled in financial modeling, Excel, forecasting, valuation, budgeting, and SQL. Proven track record of delivering measurable results for cross-functional teams.","Financial Analyst needed at a growing consulting agency. Required skills: financial modeling, Excel, forecasting, valuation, budgeting, and SQL. The ideal candidate has 8+ years of experience in financial planning and analysis.",0.88,high
"Machine Learning Engineer with 1 years of experience in data analysis and reporting. Skilled in Python, TensorFlow, PyTorch, model deployment, and scikit-learn. Proven track record of delivering measurable results for cross-functional teams.","Machine Learning Engineer needed at a growing startup. Required skills: Python, TensorFlow, PyTorch, model deployment, scikit-learn, and MLOps.",0.94,high
"Backend Engineer with 5 years of experience in software engineering and application development. Skilled in Python, FastAPI, PostgreSQL, REST APIs, and Docker. Proven track record of delivering measurable results and collaborating with cross-functional teams. Seeking a role where I can apply my expertise in Python and continue growing professionally. Strong communicator with a history of mentoring junior team members.","Backend Engineer needed at a growing e-commerce platform. Required skills: Python, FastAPI, PostgreSQL, REST APIs, and Docker. The ideal candidate has 3+ years of experience in software engineering and application development.",0.91,high
"Full Stack Developer with 5 years of experience in software engineering and application development. Skilled in React, Node.js, and JavaScript. Proven track record of delivering measurable results and collaborating with cross-functional teams. Seeking a role where I can apply my expertise in React and continue growing professionally. Strong communicator with a history of mentoring junior team members.","Full Stack Developer needed at a growing technology company. Required skills: React, Node.js, JavaScript, MongoDB, REST APIs, and Git. The ideal candidate has 3+ years of experience in software engineering and application development and a strong ability to work independently as well as within a team. Responsibilities include applying React to solve real business problems.",0.9,high
"UX Designer with 7 years of experience. Skilled in Figma, wireframing, user research, prototyping, and usability testing. Looking for a Figma focused role.","UX Designer needed at a growing technology company. Required skills: Figma, wireframing, and user research. The ideal candidate has 5+ years of experience in user experience and visual design and a strong ability to work independently as well as within a team. Responsibilities include applying Figma to solve real business problems. Competitive salary, remote-friendly, and strong growth opportunities are offered.",0.93,high
"Data Scientist with 1 years of experience in data analysis and reporting. Skilled in Python, and machine learning. Proven track record of delivering measurable results and collaborating with cross-functional teams. Holds relevant certifications and has led multiple successful projects from planning through delivery. Seeking a role where I can apply my expertise in Python and continue growing professionally as part of a driven team.",,0.55,medium
"HR Manager with 8 years of experience in human resources and talent management. Skilled in recruitment, employee relations, HRIS, and onboarding. Proven track record of delivering measurable results and collaborating with cross-functional teams. Seeking a role where I can apply my expertise in recruitment and continue growing professionally. Strong communicator with a history of mentoring junior team members.","HR Manager needed at a growing e-commerce platform. Required skills: recruitment, employee relations, HRIS, onboarding, performance management, and payroll. The ideal candidate has 6+ years of experience in human resources and talent management and a strong ability to work independently as well as within a team. Responsibilities include applying recruitment to solve real business problems. Competitive salary, remote-friendly, and strong growth opportunities are offered.",0.9,high
"Content Writer with 2 years of experience in digital marketing and brand growth. Skilled in SEO writing, copywriting, and content strategy. Proven track record of delivering measurable results and collaborating with cross-functional teams. Seeking a role where I can apply my expertise in SEO writing and continue growing professionally. Strong communicator with a history of mentoring junior team members.","Network Engineer needed at a growing financial services company. Required skills: Cisco, routing and switching, network troubleshooting, and VPN. The ideal candidate has 1+ years of experience in information security and risk management.",0.06,low
"Content Writer with 7 years of experience in digital marketing and brand growth. Skilled in SEO writing, copywriting, and content strategy. Proven track record of delivering measurable results and collaborating with cross-functional teams. Seeking a role where I can apply my expertise in SEO writing and continue growing professionally. Strong communicator with a history of mentoring junior team members.","Content Writer needed at a growing technology company. Required skills: SEO writing, copywriting, and content strategy. The ideal candidate has 5+ years of experience in digital marketing and brand growth and a strong ability to work independently as well as within a team. Responsibilities include applying SEO writing to solve real business problems. Competitive salary, remote-friendly, and strong growth opportunities are offered.",0.92,high
"Healthcare Analyst with 1 years of experience in healthcare data management. Skilled in SQL, healthcare informatics, HIPAA compliance, Tableau, and clinical data. Proven track record of delivering measurable results and collaborating with cross-functional teams. Seeking a role where I can apply my expertise in SQL and continue growing professionally. Strong communicator with a history of mentoring junior team members.","Healthcare Analyst needed at a growing e-commerce platform. Required skills: SQL, healthcare informatics, HIPAA compliance, and Tableau.",1.2,high
"Healthcare Analyst with 10 years of experience in healthcare data management. Skilled in SQL, healthcare informatics, HIPAA compliance, and Tableau. Proven track record of delivering measurable results and collaborating with cross-functional teams. Holds relevant certifications and has led multiple successful projects from planning through delivery. Seeking a role where I can apply my expertise in SQL and continue growing professionally as part of a driven team.","Backend Engineer needed at a growing consulting agency. Required skills: Python, FastAPI, PostgreSQL, REST APIs, Docker, and microservices. The ideal candidate has 7+ years of experience in software engineering and application development.",0.1,low
"Healthcare Analyst with 6 years of experience in healthcare data management. Skilled in SQL, healthcare informatics, HIPAA compliance, and Tableau. Proven track record of delivering measurable results and collaborating with cross-functional teams. Holds relevant certifications and has led multiple successful projects from planning through delivery. Seeking a role where I can apply my expertise in SQL and continue growing professionally as part of a driven team.","Mobile App Developer needed at a growing hospital network. Required skills: Flutter, Kotlin, Swift, REST APIs, mobile UI design, and Firebase. The ideal candidate has 2+ years of experience in software engineering and application development.",0.13,low
"Backend Engineer with 8 years of experience in software engineering and application development. Skilled in Python, FastAPI, PostgreSQL, REST APIs, Docker, and microservices. Proven track record of delivering measurable results and collaborating with cross-functional teams. Seeking a role where I can apply my expertise in Python and continue growing professionally. Strong communicator with a history of mentoring junior team members.","Backend Engineer needed at a growing e-commerce platform. Required skills: Python, FastAPI, PostgreSQL, and REST APIs. The ideal candidate has 6+ years of experience in software engineering and application development and a strong ability to work independently as well as within a team. Responsibilities include applying Python to solve real business problems.",0.86,high
"Business Analyst with 1 years of experience in product strategy and cross-functional delivery. Skilled in requirements gathering, SQL, process mapping, stakeholder communication, and Excel. Proven track record of delivering measurable results for cross-functional teams.","Business Analyst needed at a growing healthcare organization. Required skills: requirements gathering, SQL, process mapping, and stakeholder communication. The ideal candidate has 1+ years of experience in product strategy and cross-functional delivery.",0.92,high
"Healthcare Analyst with 5 years of experience in healthcare data management. Skilled in SQL, healthcare informatics, HIPAA compliance, Tableau, and clinical data. Proven track record of delivering measurable results and collaborating with cross-functional teams. Holds relevant certifications and has led multiple successful projects from planning through delivery. Seeking a role where I can apply my expertise in SQL and continue growing professionally as part of a driven team.","Accountant needed at a growing startup. Required skills: bookkeeping, GAAP, tax preparation, and QuickBooks.",0.13,low
"Backend Engineer with 1 years of experience in software engineering and application development. Skilled in Python, FastAPI, and PostgreSQL. Proven track record of delivering measurable results for cross-functional teams.","Mobile App Developer needed at a growing technology company. Required skills: Flutter, Kotlin, Swift, REST APIs, and mobile UI design.",0.51,medium
"Operations Manager with 5 years of experience. Skilled in process improvement, and supply chain. Looking for a process improvement focused role.","Data Scientist needed at a growing SaaS company. Required skills: Python, machine learning, pandas, statistics, and SQL. The ideal candidate has 7+ years of experience in data analysis and reporting.",0.07,low
"Business Analyst with 4 years of experience in product strategy and cross-functional delivery. Skilled in requirements gathering, SQL, process mapping, and stakeholder communication. Proven track record of delivering measurable results and collaborating with cross-functional teams. Seeking a role where I can apply my expertise in requirements gathering and continue growing professionally. Strong communicator with a history of mentoring junior team members.","Product Manager needed at a growing SaaS company. Required skills: roadmapping, Agile, stakeholder management, and user research.",0.48,medium
,"UX Designer needed at a growing e-commerce platform. Required skills: Figma, wireframing, user research, and prototyping. The ideal candidate has 4+ years of experience in user experience and visual design and a strong ability to work independently as well as within a team. Responsibilities include applying Figma to solve real business problems. Competitive salary, remote-friendly, and strong growth opportunities are offered.",0.1,low
"Operations Manager with 5 years of experience in operations and process management. Skilled in process improvement, supply chain, and team leadership. Proven track record of delivering measurable results for cross-functional teams.","Business Analyst needed at a growing healthcare organization. Required skills: requirements gathering, SQL, process mapping, and stakeholder communication.",0.13,low
"Product Manager with 10 years of experience in product strategy and cross-functional delivery. Skilled in roadmapping, Agile, stakeholder management, user research, and A/B testing. Proven track record of delivering measurable results for cross-functional teams.","Product Manager needed at a growing SaaS company. Required skills: roadmapping, Agile, and stakeholder management. The ideal candidate has 8+ years of experience in product strategy and cross-functional delivery and a strong ability to work independently as well as within a team. Responsibilities include applying roadmapping to solve real business problems.",0.87,high
"Cybersecurity Analyst with 7 years of experience in information security and risk management. Skilled in SIEM, penetration testing, network security, incident response, firewalls, and risk assessment. Proven track record of delivering measurable results for cross-functional teams.","Cybersecurity Analyst needed at a growing enterprise firm. Required skills: SIEM, penetration testing, and network security. The ideal candidate has 5+ years of experience in information security and risk management.",0.92,high
"Financial Analyst with 4 years of experience in financial planning and analysis. Skilled in financial modeling, Excel, and forecasting. Proven track record of delivering measurable results and collaborating with cross-functional teams. Seeking a role where I can apply my expertise in financial modeling and continue growing professionally. Strong communicator with a history of mentoring junior team members.","Accountant needed at a growing e-commerce platform. Required skills: bookkeeping, GAAP, tax preparation, QuickBooks, and reconciliation. The ideal candidate has 3+ years of experience in financial planning and analysis.",0.56,medium
"DevOps Engineer with 4 years of experience in software engineering and application development. Skilled in Docker, Kubernetes, CI/CD, and AWS. Proven track record of delivering measurable results and collaborating with cross-functional teams. Seeking a role where I can apply my expertise in Docker and continue growing professionally. Strong communicator with a history of mentoring junior team members.","Backend Engineer needed at a growing financial services company. Required skills: Python, FastAPI, PostgreSQL, REST APIs, and Docker.",0.54,medium
"Full Stack Developer with 1 years of experience in software engineering and application development. Skilled in React, Node.js, JavaScript, and MongoDB. Proven track record of delivering measurable results and collaborating with cross-functional teams. Seeking a role where I can apply my expertise in React and continue growing professionally. Strong communicator with a history of mentoring junior team members.","Content Writer needed at a growing startup. Required skills: SEO writing, copywriting, and content strategy. The ideal candidate has 10+ years of experience in digital marketing and brand growth.",0.1,low
"Content Writer with 10 years of experience in digital marketing and brand growth. Skilled in SEO writing, copywriting, content strategy, editing, and WordPress. Proven track record of delivering measurable results for cross-functional teams.","Digital Marketing Specialist needed at a growing startup. Required skills: SEO, Google Ads, and content strategy. The ideal candidate has 9+ years of experience in digital marketing and brand growth and a strong ability to work independently as well as within a team. Responsibilities include applying SEO to solve real business problems.",0.44,medium
"Mobile App Developer with 2 years of experience in software engineering and application development. Skilled in Flutter, Kotlin, Swift, REST APIs, and mobile UI design. Proven track record of delivering measurable results and collaborating with cross-functional teams. Holds relevant certifications and has led multiple successful projects from planning through delivery. Seeking a role where I can apply my expertise in Flutter and continue growing professionally as part of a driven team.","QA Engineer needed at a growing e-commerce platform. Required skills: test automation, Selenium, manual testing, bug tracking, regression testing, and API testing. The ideal candidate has 1+ years of experience in software engineering and application development.",0.42,medium
"HR Manager with 7 years of experience in human resources and talent management. Skilled in recruitment, employee relations, HRIS, onboarding, performance management, and payroll. Proven track record of delivering measurable results and collaborating with cross-functional teams. Seeking a role where I can apply my expertise in recruitment and continue growing professionally. Strong communicator with a history of mentoring junior team members.","HR Manager needed at a growing consulting agency. Required skills: recruitment, employee relations, and HRIS. The ideal candidate has 5+ years of experience in human resources and talent management and a strong ability to work independently as well as within a team. Responsibilities include applying recruitment to solve real business problems. Competitive salary, remote-friendly, and strong growth opportunities are offered.",0.9,high
"Data Analyst with 4 years of experience in data analysis and reporting. Skilled in SQL, Python, and Power BI. Proven track record of delivering measurable results for cross-functional teams.","Data Analyst needed at a growing hospital network. Required skills: SQL, Python, and Power BI. The ideal candidate has 2+ years of experience in data analysis and reporting and a strong ability to work independently as well as within a team. Responsibilities include applying SQL to solve real business problems.",0.91,high
"Network Engineer with 5 years of experience in information security and risk management. Skilled in Cisco, routing and switching, network troubleshooting, and VPN. Proven track record of delivering measurable results for cross-functional teams.","UX Designer needed at a growing healthcare organization. Required skills: Figma, wireframing, user research, prototyping, and usability testing. The ideal candidate has 6+ years of experience in user experience and visual design.",0.13,low
"Product Manager with 1 years of experience in product strategy and cross-functional delivery. Skilled in roadmapping, and Agile. Proven track record of delivering measurable results and collaborating with cross-functional teams. Seeking a role where I can apply my expertise in roadmapping and continue growing professionally. Strong communicator with a history of mentoring junior team members.","Full Stack Developer needed at a growing financial services company. Required skills: React, Node.js, JavaScript, MongoDB, and REST APIs. The ideal candidate has 2+ years of experience in software engineering and application development and a strong ability to work independently as well as within a team. Responsibilities include applying React to solve real business problems. Competitive salary, remote-friendly, and strong growth opportunities are offered.",0.05,low
"Graphic Designer with 6 years of experience. Skilled in Adobe Photoshop, Illustrator, branding, typography, layout design, and InDesign. Looking for a Adobe Photoshop focused role.","Graphic Designer needed at a growing consulting agency. Required skills: Adobe Photoshop, Illustrator, branding, and typography. The ideal candidate has 4+ years of experience in user experience and visual design.",0.94,High
"Graphic Designer with 10 years of experience in user experience and visual design. Skilled in Adobe Photoshop, Illustrator, branding, and typography. Proven track record of delivering measurable results and collaborating with cross-functional teams. Seeking a role where I can apply my expertise in Adobe Photoshop and continue growing professionally. Strong communicator with a history of mentoring junior team members.","UX Designer needed at a growing consulting agency. Required skills: Figma, wireframing, user research, prototyping, and usability testing.",0.53,medium
"Data Scientist with 3 years of experience. Skilled in Python, machine learning, pandas, statistics, and SQL. Looking for a Python focused role.","Full Stack Developer needed at a growing e-commerce platform. Required skills: React, Node.js, and JavaScript. The ideal candidate has 4+ years of experience in software engineering and application development and a strong ability to work independently as well as within a team. Responsibilities include applying React to solve real business problems. Competitive salary, remote-friendly, and strong growth opportunities are offered.",0.07,low
"Data Analyst with 1 years of experience in data analysis and reporting. Skilled in SQL, Python, and Power BI. Proven track record of delivering measurable results for cross-functional teams.","Data Scientist needed at a growing startup. Required skills: Python, machine learning, pandas, statistics, and SQL. The ideal candidate has 1+ years of experience in data analysis and reporting and a strong ability to work independently as well as within a team. Responsibilities include applying Python to solve real business problems.",0.51,medium
,"Cloud Architect needed at a growing startup. Required skills: AWS, Azure, cloud migration, infrastructure as code, and cost optimization. The ideal candidate has 7+ years of experience in software engineering and application development and a strong ability to work independently as well as within a team. Responsibilities include applying AWS to solve real business problems. Competitive salary, remote-friendly, and strong growth opportunities are offered.",0.11,low
"Backend Engineer with 8 years of experience in software engineering and application development. Skilled in Python, FastAPI, PostgreSQL, and REST APIs. Proven track record of delivering measurable results for cross-functional teams.","Product Manager needed at a growing financial services company. Required skills: roadmapping, Agile, stakeholder management, user research, and A/B testing. The ideal candidate has 10+ years of experience in product strategy and cross-functional delivery and a strong ability to work independently as well as within a team. Responsibilities include applying roadmapping to solve real business problems.",0.11,low
"UX Designer with 8 years of experience in user experience and visual design. Skilled in Figma, and wireframing. Proven track record of delivering measurable results and collaborating with cross-functional teams. Seeking a role where I can apply my expertise in Figma and continue growing professionally. Strong communicator with a history of mentoring junior team members.","Graphic Designer needed at a growing e-commerce platform. Required skills: Adobe Photoshop, Illustrator, branding, typography, and layout design.",0.56,medium
"Network Engineer with 5 years of experience in information security and risk management. Skilled in Cisco, and routing and switching. Proven track record of delivering measurable results and collaborating with cross-functional teams. Holds relevant certifications and has led multiple successful projects from planning through delivery. Seeking a role where I can apply my expertise in Cisco and continue growing professionally as part of a driven team.","Cybersecurity Analyst needed at a growing e-commerce platform. Required skills: SIEM, penetration testing, network security, incident response, and firewalls.",0.5,medium
"HR Manager with 10 years of experience. Skilled in recruitment, employee relations, HRIS, onboarding, and performance management. Looking for a recruitment focused role.","Recruiter needed at a growing hospital network. Required skills: sourcing, ATS systems, interviewing, and candidate screening. The ideal candidate has 9+ years of experience in human resources and talent management and a strong ability to work independently as well as within a team. Responsibilities include applying sourcing to solve real business problems.",0.46,MEDIUM
"Sales Manager with 4 years of experience. Skilled in B2B sales, CRM, lead generation, negotiation, and pipeline management. Looking for a B2B sales focused role.","Sales Manager needed at a growing e-commerce platform. Required skills: B2B sales, CRM, lead generation, negotiation, pipeline management, and Salesforce. The ideal candidate has 2+ years of experience in business development and client relationship management.",0.91,high
"Data Scientist with 1 years of experience in data analysis and reporting. Skilled in Python, machine learning, and pandas. Proven track record of delivering measurable results and collaborating with cross-functional teams. Seeking a role where I can apply my expertise in Python and continue growing professionally. Strong communicator with a history of mentoring junior team members.","Data Scientist needed at a growing financial services company. Required skills: Python, machine learning, pandas, and statistics. The ideal candidate has 1+ years of experience in data analysis and reporting and a strong ability to work independently as well as within a team. Responsibilities include applying Python to solve real business problems. Competitive salary, remote-friendly, and strong growth opportunities are offered.",0.47,high
"QA Engineer with 7 years of experience in software engineering and application development. Skilled in test automation, and Selenium. Proven track record of delivering measurable results and collaborating with cross-functional teams. Seeking a role where I can apply my expertise in test automation and continue growing professionally. Strong communicator with a history of mentoring junior team members.","Mobile App Developer needed at a growing consulting agency. Required skills: Flutter, Kotlin, and Swift. The ideal candidate has 6+ years of experience in software engineering and application development and a strong ability to work independently as well as within a team. Responsibilities include applying Flutter to solve real business problems. Competitive salary, remote-friendly, and strong growth opportunities are offered.",0.45,medium
"Full Stack Developer with 10 years of experience in software engineering and application development. Skilled in React, Node.js, JavaScript, MongoDB, and REST APIs. Proven track record of delivering measurable results and collaborating with cross-functional teams. Seeking a role where I can apply my expertise in React and continue growing professionally. Strong communicator with a history of mentoring junior team members.","Full Stack Developer needed at a growing financial services company. Required skills: React, Node.js, JavaScript, MongoDB, REST APIs, and Git. The ideal candidate has 8+ years of experience in software engineering and application development and a strong ability to work independently as well as within a team. Responsibilities include applying React to solve real business problems.",0.92,high
"QA Engineer with 4 years of experience in software engineering and application development. Skilled in test automation, Selenium, manual testing, and bug tracking. Proven track record of delivering measurable results for cross-functional teams.","Operations Manager needed at a growing enterprise firm. Required skills: process improvement, supply chain, team leadership, and budgeting. The ideal candidate has 7+ years of experience in operations and process management and a strong ability to work independently as well as within a team. Responsibilities include applying process improvement to solve real business problems. Competitive salary, remote-friendly, and strong growth opportunities are offered.",0.12,low
"Operations Manager with 2 years of experience. Skilled in process improvement, supply chain, team leadership, and budgeting. Looking for a process improvement focused role.","Operations Manager needed at a growing healthcare organization. Required skills: process improvement, supply chain, team leadership, and budgeting. The ideal candidate has 1+ years of experience in operations and process management.",0.9,high
"Cybersecurity Analyst with 2 years of experience in information security and risk management. Skilled in SIEM, and penetration testing. Proven track record of delivering measurable results for cross-functional teams.","Network Engineer needed at a growing healthcare organization. Required skills: Cisco, routing and switching, network troubleshooting, and VPN. The ideal candidate has 1+ years of experience in information security and risk management.",0.43,medium
"Recruiter with 1 years of experience in human resources and talent management. Skilled in sourcing, ATS systems, and interviewing. Proven track record of delivering measurable results and collaborating with cross-functional teams. Seeking a role where I can apply my expertise in sourcing and continue growing professionally. Strong communicator with a history of mentoring junior team members.","Recruiter needed at a growing technology company. Required skills: sourcing, ATS systems, interviewing, candidate screening, employer branding, and LinkedIn Recruiter. The ideal candidate has 1+ years of experience in human resources and talent management.",0.86,high
"HR Manager with 2 years of experience in human resources and talent management. Skilled in recruitment, employee relations, and HRIS. Proven track record of delivering measurable results and collaborating with cross-functional teams. Seeking a role where I can apply my expertise in recruitment and continue growing professionally. Strong communicator with a history of mentoring junior team members.","HR Manager needed at a growing consulting agency. Required skills: recruitment, employee relations, and HRIS. The ideal candidate has 1+ years of experience in human resources and talent management.",0.94,high
"QA Engineer with 7 years of experience in software engineering and application development. Skilled in test automation, Selenium, manual testing, bug tracking, and regression testing. Proven track record of delivering measurable results and collaborating with cross-functional teams. Seeking a role where I can apply my expertise in test automation and continue growing professionally. Strong communicator with a history of mentoring junior team members.","Content Writer needed at a growing technology company. Required skills: SEO writing, copywriting, content strategy, editing, and WordPress. The ideal candidate has 8+ years of experience in digital marketing and brand growth.",0.11,low
"Product Manager with 1 years of experience in product strategy and cross-functional delivery. Skilled in roadmapping, Agile, and stakeholder management. Proven track record of delivering measurable results and collaborating with cross-functional teams. Seeking a role where I can apply my expertise in roadmapping and continue growing professionally. Strong communicator with a history of mentoring junior team members.","Product Manager needed at a growing consulting agency. Required skills: roadmapping, Agile, stakeholder management, and user research. The ideal candidate has 1+ years of experience in product strategy and cross-functional delivery and a strong ability to work independently as well as within a team. Responsibilities include applying roadmapping to solve real business problems.",0.89,high
